run_id,uid,selection,outcome,outcome_name,model_said_present,truly_absent,reviewer_note,look_for,title,note_text
20260902T001108-5476a462,10310543-1,seeded:48,19,Acute Kidney Injury (AKI),False,y,,"""death_attributed"" (bool) - The patient died and the note attributes the death to THIS outcome. | ""creatinine_x_baseline"" (num; the pipeline converts to ratio) - Serum creatinine as a multiple of the patient's baseline (1.5 means 1.5x baseline). | ""creatinine"" (num; the pipeline converts to mg/dL) - Serum creatinine. | ""egfr"" (num; the pipeline converts to mL/min/1.73m2) - Estimated glomerular filtration rate. | ""esrd_progression"" (bool) - The AKI progressed to permanent end-stage renal disease. | ""patient_age"" (num; the pipeline converts to years) - Patient age at this encounter, in years. Required before grading 06, 19, 25, 26, 42, 53; grading returns `cannot grade: age unknown` without it. | ""renal_replacement"" (bool) - Renal replacement therapy given: haemodialysis, CRRT, haemofiltration, peritoneal dialysis. | ""creatinine_increase_mg_dl"" (num; the pipeline converts to mg/dL) - Absolute rise in serum creatinine within 48 hours.",Sickle cell leg ulcer successfully managed by hyperbaric oxygen: a case report,"A 33-year-old gentleman presented with a known case of sickle cell disease and was on folic acid and analgesics as needed. With regular follow-ups in the hematology clinic, the hematological laboratory values range for hemoglobin was between 8 and 9 gm/dl without transfusions, platelets were between 200 and 300 × 109/L, hemoglobin S was 91.4%, hemoglobin F was 3.9%, total bilirubin was 32 μmol/L, indirect bilirubin was 21 μmol/L, LDH was 503 u/l, and retic percentage was 7.9%, and his disease was under control without hydroxyurea. Throughout the course, he did not show any clinical manifestations of SCD, such as stroke, retinopathy, acute chest syndrome, and priapism. Moreover, he was physically active without any limitations, and the latest painful crisis was 4 years ago. For the last 6 months, he was suffering from a left ankle ulcer on the left medial and lateral malleoli for which he was following up in the podiatry clinic for regular dressings.
Despite that, after 2 months, the ulcers continued to expand and became more painful, so cultures were sent and the results were negative. An MRI of the ankle was performed, which showed an increased signal with irregular outline synovium of the ankle joint due to synovitis and the posterior lateral part of the calcaneum adjacent skin thickening and subcutaneous edema extending distally to the level of the calcaneocuboid articulation and to a lesser extent adjacent to its medial part.
After that, in the podiatry clinic, they tried different types of dressing, and then he was referred to orthopedic and pain clinics with minimal resolution of his ankle ulcers, which were disabling and devastating for him ().
After 4 months, the ulcers increased in size with a length of 1.9 cm and width of 1.5 cm and became extremely painful, so cultures were sent from the wound, which did not grow any organisms, and subsequently, conservative measures with regular dressings, leg elevation, offloading, physiotherapy, and pain medications were tried but without significant clinical improvement.
Consequently, we decided to change our management strategy. Therefore, we counseled our patient about hyperbaric oxygen therapy to treat the ankle ulcer and reduce pain, and he agreed.
He received four sessions of hyperbaric oxygen therapy in 4 weeks, with one session per week that lasted for 2 h with a pressure of 2.5 pounds per square inch. Afterward, he achieved dramatic clinical improvement (without blood transfusion), and the examination showed well-granulated wounds. He had less pain and was healing properly without signs of active infection. He tolerated HOBT sessions very well without notable complications. Subsequent follow-up showed almost complete resolution of his ulcers (), and he was able to practice his daily life activities without limitations."
20260902T001108-5476a462,10310543-1,seeded:48,28,Acute Sickle Cell Pain Episode,False,y,,"""death_attributed"" (bool) - The patient died and the note attributes the death to THIS outcome. | ""pain_co_complication"" (bool) - The pain episode was complicated by organ failure, acute chest syndrome, respiratory distress, DVT, PE, stroke, splenic sequestration, or hyperhaemolysis. | ""life_support_other"" (bool) - Any other life-supporting treatment not covered by mechanical ventilation, vasopressors or renal replacement (e.g. ECMO). | ""renal_replacement"" (bool) - Renal replacement therapy given: haemodialysis, CRRT, haemofiltration, peritoneal dialysis. | ""resp_support"" (ord, one of: room_air, low_flow_o2, high_flow, niv_bipap_cpap, invasive_ventilation) - Maximum respiratory support given during the event. In notes this reads as: room_air = no supplemental oxygen; low_flow_o2 = nasal cannula, face mask, simple mask, up to about 6 L/min; high_flow = high-flow nasal cannula, HFNC, Optiflow, Airvo, venturi mask at high flow; niv_bipap_cpap = BiPAP, CPAP, non-invasive ventilation; invasive_ventilation = intubation, mechanical ventilation, ventilated via tracheostomy. | ""vasopressors"" (bool) - Vasoactive or vasopressor infusion given (norepinephrine, epinephrine, dopamine, dobutamine, milrinone). | ""care_setting"" (ord, one of: home, clinic_or_day_hospital, ed_treat_release, inpatient, icu) - Highest level of care this event actually reached. `home` = managed without a facility visit; `ed_treat_release` = seen and discharged; `inpatient` = admitted; `icu` = critical care. In notes this reads as: home = managed without a facility visit; clinic_or_day_hospital = outpatient clinic, day unit, infusion centre; ed_treat_release = seen in the emergency department and discharged; inpatient = admitted to a ward; icu = intensive care, critical care, HDU.",Sickle cell leg ulcer successfully managed by hyperbaric oxygen: a case report,"A 33-year-old gentleman presented with a known case of sickle cell disease and was on folic acid and analgesics as needed. With regular follow-ups in the hematology clinic, the hematological laboratory values range for hemoglobin was between 8 and 9 gm/dl without transfusions, platelets were between 200 and 300 × 109/L, hemoglobin S was 91.4%, hemoglobin F was 3.9%, total bilirubin was 32 μmol/L, indirect bilirubin was 21 μmol/L, LDH was 503 u/l, and retic percentage was 7.9%, and his disease was under control without hydroxyurea. Throughout the course, he did not show any clinical manifestations of SCD, such as stroke, retinopathy, acute chest syndrome, and priapism. Moreover, he was physically active without any limitations, and the latest painful crisis was 4 years ago. For the last 6 months, he was suffering from a left ankle ulcer on the left medial and lateral malleoli for which he was following up in the podiatry clinic for regular dressings.
Despite that, after 2 months, the ulcers continued to expand and became more painful, so cultures were sent and the results were negative. An MRI of the ankle was performed, which showed an increased signal with irregular outline synovium of the ankle joint due to synovitis and the posterior lateral part of the calcaneum adjacent skin thickening and subcutaneous edema extending distally to the level of the calcaneocuboid articulation and to a lesser extent adjacent to its medial part.
After that, in the podiatry clinic, they tried different types of dressing, and then he was referred to orthopedic and pain clinics with minimal resolution of his ankle ulcers, which were disabling and devastating for him ().
After 4 months, the ulcers increased in size with a length of 1.9 cm and width of 1.5 cm and became extremely painful, so cultures were sent from the wound, which did not grow any organisms, and subsequently, conservative measures with regular dressings, leg elevation, offloading, physiotherapy, and pain medications were tried but without significant clinical improvement.
Consequently, we decided to change our management strategy. Therefore, we counseled our patient about hyperbaric oxygen therapy to treat the ankle ulcer and reduce pain, and he agreed.
He received four sessions of hyperbaric oxygen therapy in 4 weeks, with one session per week that lasted for 2 h with a pressure of 2.5 pounds per square inch. Afterward, he achieved dramatic clinical improvement (without blood transfusion), and the examination showed well-granulated wounds. He had less pain and was healing properly without signs of active infection. He tolerated HOBT sessions very well without notable complications. Subsequent follow-up showed almost complete resolution of his ulcers (), and he was able to practice his daily life activities without limitations."
20260902T001108-5476a462,10310543-1,seeded:48,36,Fever,False,y,,"""temperature"" (num; the pipeline converts to degC) - Highest documented body temperature.",Sickle cell leg ulcer successfully managed by hyperbaric oxygen: a case report,"A 33-year-old gentleman presented with a known case of sickle cell disease and was on folic acid and analgesics as needed. With regular follow-ups in the hematology clinic, the hematological laboratory values range for hemoglobin was between 8 and 9 gm/dl without transfusions, platelets were between 200 and 300 × 109/L, hemoglobin S was 91.4%, hemoglobin F was 3.9%, total bilirubin was 32 μmol/L, indirect bilirubin was 21 μmol/L, LDH was 503 u/l, and retic percentage was 7.9%, and his disease was under control without hydroxyurea. Throughout the course, he did not show any clinical manifestations of SCD, such as stroke, retinopathy, acute chest syndrome, and priapism. Moreover, he was physically active without any limitations, and the latest painful crisis was 4 years ago. For the last 6 months, he was suffering from a left ankle ulcer on the left medial and lateral malleoli for which he was following up in the podiatry clinic for regular dressings.
Despite that, after 2 months, the ulcers continued to expand and became more painful, so cultures were sent and the results were negative. An MRI of the ankle was performed, which showed an increased signal with irregular outline synovium of the ankle joint due to synovitis and the posterior lateral part of the calcaneum adjacent skin thickening and subcutaneous edema extending distally to the level of the calcaneocuboid articulation and to a lesser extent adjacent to its medial part.
After that, in the podiatry clinic, they tried different types of dressing, and then he was referred to orthopedic and pain clinics with minimal resolution of his ankle ulcers, which were disabling and devastating for him ().
After 4 months, the ulcers increased in size with a length of 1.9 cm and width of 1.5 cm and became extremely painful, so cultures were sent from the wound, which did not grow any organisms, and subsequently, conservative measures with regular dressings, leg elevation, offloading, physiotherapy, and pain medications were tried but without significant clinical improvement.
Consequently, we decided to change our management strategy. Therefore, we counseled our patient about hyperbaric oxygen therapy to treat the ankle ulcer and reduce pain, and he agreed.
He received four sessions of hyperbaric oxygen therapy in 4 weeks, with one session per week that lasted for 2 h with a pressure of 2.5 pounds per square inch. Afterward, he achieved dramatic clinical improvement (without blood transfusion), and the examination showed well-granulated wounds. He had less pain and was healing properly without signs of active infection. He tolerated HOBT sessions very well without notable complications. Subsequent follow-up showed almost complete resolution of his ulcers (), and he was able to practice his daily life activities without limitations."
20260902T001108-5476a462,10310543-1,seeded:48,48,Acute Chest Syndrome (ACS),False,y,,"""death_attributed"" (bool) - The patient died and the note attributes the death to THIS outcome. | ""resp_support"" (ord, one of: room_air, low_flow_o2, high_flow, niv_bipap_cpap, invasive_ventilation) - Maximum respiratory support given during the event. In notes this reads as: room_air = no supplemental oxygen; low_flow_o2 = nasal cannula, face mask, simple mask, up to about 6 L/min; high_flow = high-flow nasal cannula, HFNC, Optiflow, Airvo, venturi mask at high flow; niv_bipap_cpap = BiPAP, CPAP, non-invasive ventilation; invasive_ventilation = intubation, mechanical ventilation, ventilated via tracheostomy. | ""transfusion_type"" (ord, one of: none, simple, exchange) - Most intensive erythrocyte transfusion given for this event. In notes this reads as: none = no red cell transfusion; simple = top-up, packed red cells, straight transfusion; exchange = exchange transfusion, red cell exchange, erythrocytapheresis, manual or automated exchange. | ""fio2_pct"" (num; the pipeline converts to %) - Highest documented FiO2 as a percentage. Room air is 21. | ""life_support_other"" (bool) - Any other life-supporting treatment not covered by mechanical ventilation, vasopressors or renal replacement (e.g. ECMO). | ""renal_replacement"" (bool) - Renal replacement therapy given: haemodialysis, CRRT, haemofiltration, peritoneal dialysis. | ""vasopressors"" (bool) - Vasoactive or vasopressor infusion given (norepinephrine, epinephrine, dopamine, dobutamine, milrinone). | ""acs_other_support"" (bool) - Erythropoietin or any other supportive treatment for the ACS, other than antibiotics.",Sickle cell leg ulcer successfully managed by hyperbaric oxygen: a case report,"A 33-year-old gentleman presented with a known case of sickle cell disease and was on folic acid and analgesics as needed. With regular follow-ups in the hematology clinic, the hematological laboratory values range for hemoglobin was between 8 and 9 gm/dl without transfusions, platelets were between 200 and 300 × 109/L, hemoglobin S was 91.4%, hemoglobin F was 3.9%, total bilirubin was 32 μmol/L, indirect bilirubin was 21 μmol/L, LDH was 503 u/l, and retic percentage was 7.9%, and his disease was under control without hydroxyurea. Throughout the course, he did not show any clinical manifestations of SCD, such as stroke, retinopathy, acute chest syndrome, and priapism. Moreover, he was physically active without any limitations, and the latest painful crisis was 4 years ago. For the last 6 months, he was suffering from a left ankle ulcer on the left medial and lateral malleoli for which he was following up in the podiatry clinic for regular dressings.
Despite that, after 2 months, the ulcers continued to expand and became more painful, so cultures were sent and the results were negative. An MRI of the ankle was performed, which showed an increased signal with irregular outline synovium of the ankle joint due to synovitis and the posterior lateral part of the calcaneum adjacent skin thickening and subcutaneous edema extending distally to the level of the calcaneocuboid articulation and to a lesser extent adjacent to its medial part.
After that, in the podiatry clinic, they tried different types of dressing, and then he was referred to orthopedic and pain clinics with minimal resolution of his ankle ulcers, which were disabling and devastating for him ().
After 4 months, the ulcers increased in size with a length of 1.9 cm and width of 1.5 cm and became extremely painful, so cultures were sent from the wound, which did not grow any organisms, and subsequently, conservative measures with regular dressings, leg elevation, offloading, physiotherapy, and pain medications were tried but without significant clinical improvement.
Consequently, we decided to change our management strategy. Therefore, we counseled our patient about hyperbaric oxygen therapy to treat the ankle ulcer and reduce pain, and he agreed.
He received four sessions of hyperbaric oxygen therapy in 4 weeks, with one session per week that lasted for 2 h with a pressure of 2.5 pounds per square inch. Afterward, he achieved dramatic clinical improvement (without blood transfusion), and the examination showed well-granulated wounds. He had less pain and was healing properly without signs of active infection. He tolerated HOBT sessions very well without notable complications. Subsequent follow-up showed almost complete resolution of his ulcers (), and he was able to practice his daily life activities without limitations."
20260902T001108-5476a462,11065119-1,holdout,19,Acute Kidney Injury (AKI),False,y,,"""death_attributed"" (bool) - The patient died and the note attributes the death to THIS outcome. | ""creatinine_x_baseline"" (num; the pipeline converts to ratio) - Serum creatinine as a multiple of the patient's baseline (1.5 means 1.5x baseline). | ""creatinine"" (num; the pipeline converts to mg/dL) - Serum creatinine. | ""egfr"" (num; the pipeline converts to mL/min/1.73m2) - Estimated glomerular filtration rate. | ""esrd_progression"" (bool) - The AKI progressed to permanent end-stage renal disease. | ""patient_age"" (num; the pipeline converts to years) - Patient age at this encounter, in years. Required before grading 06, 19, 25, 26, 42, 53; grading returns `cannot grade: age unknown` without it. | ""renal_replacement"" (bool) - Renal replacement therapy given: haemodialysis, CRRT, haemofiltration, peritoneal dialysis. | ""creatinine_increase_mg_dl"" (num; the pipeline converts to mg/dL) - Absolute rise in serum creatinine within 48 hours.",Nocturnal Pain Crises in an Adult with Sickle Cell Disease,"A 62-year-old male presented at the outpatient department with intermittent nocturnal chest pain, usually concurring with hand and foot pain at arousals from sleep. These episodes did not respond to analgesics but resolved in the daytime. There was a gradual worsening within one year. His medical history included SCD since childhood with no need for treatment with hydroxyurea and blood transfusions, other than occasional analgesics in cold weather. He was a former smoker with 40 pack-years smoking history.
The patient was obese with a body mass index of 35.1 kg/m2; his body weight had reportedly increased within the past year. His vital signs, chest X-ray, and blood tests were normal, apart from stable moderate anemia (hemoglobin 9.4 g/dL) consistent with his previous measurements. A cardiology assessment did not reveal any notable pathology. In view of his smoking history, spirometry was performed, with normal values (forced vital capacity=89% of the predicted value, forced expiratory volume in the first second=94% of the predicted value, and Tiffeneau-Pinelli index=82.2%). However, the inspiratory flow-volume curve appeared flattened and “wavy” (Figure ), indicating a variable extra-thoracic upper airway obstruction, such as vocal cord and rhinopharyngeal edema.
Upon further questioning, his partner confirmed uneasy sleep with snoring, but the patient did not complain of any sleep-related symptoms himself. Considering potential symptom underestimation by the patient, we used the Epworth Sleepiness Scale as a validated measure to assess daytime sleepiness. He scored 14 points, compatible with excessive daytime sleepiness.
Οbstructive sleep apnea-hypopnea syndrome was suspected and the patient underwent a polysomnography study, which demonstrated an apnea-hypopnea index (AHI) of 55.1 events per hour, an oxygen desaturation index (ODI) of 53 per hour, desaturation (SpO2<90%) for 289.7 minutes amounting to 66.5% of total sleep time, an average SpO2 value of 87.6% and a lowest SpO2 value of 66% (Figure ). These findings established the diagnosis of severe obstructive sleep apnea, without hypercapnia.
The patient was strongly encouraged to lose weight following specific dietary instructions and an exercise program, as well as to avoid sedatives and alcohol before sleep. Continuous positive airway pressure (CPAP) treatment at sleep was initiated following titration. At follow-up one week later, the patient’s symptoms and pain crises had significantly subsided. During six months of follow-up, he showed appropriate compliance with CPAP treatment and total resolution of pain crises."
20260902T001108-5476a462,11065119-1,holdout,28,Acute Sickle Cell Pain Episode,False,y,"Pain crises described as recurrent pattern attributed to OSA, not a specific gradeable acute VOC episode","""death_attributed"" (bool) - The patient died and the note attributes the death to THIS outcome. | ""pain_co_complication"" (bool) - The pain episode was complicated by organ failure, acute chest syndrome, respiratory distress, DVT, PE, stroke, splenic sequestration, or hyperhaemolysis. | ""life_support_other"" (bool) - Any other life-supporting treatment not covered by mechanical ventilation, vasopressors or renal replacement (e.g. ECMO). | ""renal_replacement"" (bool) - Renal replacement therapy given: haemodialysis, CRRT, haemofiltration, peritoneal dialysis. | ""resp_support"" (ord, one of: room_air, low_flow_o2, high_flow, niv_bipap_cpap, invasive_ventilation) - Maximum respiratory support given during the event. In notes this reads as: room_air = no supplemental oxygen; low_flow_o2 = nasal cannula, face mask, simple mask, up to about 6 L/min; high_flow = high-flow nasal cannula, HFNC, Optiflow, Airvo, venturi mask at high flow; niv_bipap_cpap = BiPAP, CPAP, non-invasive ventilation; invasive_ventilation = intubation, mechanical ventilation, ventilated via tracheostomy. | ""vasopressors"" (bool) - Vasoactive or vasopressor infusion given (norepinephrine, epinephrine, dopamine, dobutamine, milrinone). | ""care_setting"" (ord, one of: home, clinic_or_day_hospital, ed_treat_release, inpatient, icu) - Highest level of care this event actually reached. `home` = managed without a facility visit; `ed_treat_release` = seen and discharged; `inpatient` = admitted; `icu` = critical care. In notes this reads as: home = managed without a facility visit; clinic_or_day_hospital = outpatient clinic, day unit, infusion centre; ed_treat_release = seen in the emergency department and discharged; inpatient = admitted to a ward; icu = intensive care, critical care, HDU.",Nocturnal Pain Crises in an Adult with Sickle Cell Disease,"A 62-year-old male presented at the outpatient department with intermittent nocturnal chest pain, usually concurring with hand and foot pain at arousals from sleep. These episodes did not respond to analgesics but resolved in the daytime. There was a gradual worsening within one year. His medical history included SCD since childhood with no need for treatment with hydroxyurea and blood transfusions, other than occasional analgesics in cold weather. He was a former smoker with 40 pack-years smoking history.
The patient was obese with a body mass index of 35.1 kg/m2; his body weight had reportedly increased within the past year. His vital signs, chest X-ray, and blood tests were normal, apart from stable moderate anemia (hemoglobin 9.4 g/dL) consistent with his previous measurements. A cardiology assessment did not reveal any notable pathology. In view of his smoking history, spirometry was performed, with normal values (forced vital capacity=89% of the predicted value, forced expiratory volume in the first second=94% of the predicted value, and Tiffeneau-Pinelli index=82.2%). However, the inspiratory flow-volume curve appeared flattened and “wavy” (Figure ), indicating a variable extra-thoracic upper airway obstruction, such as vocal cord and rhinopharyngeal edema.
Upon further questioning, his partner confirmed uneasy sleep with snoring, but the patient did not complain of any sleep-related symptoms himself. Considering potential symptom underestimation by the patient, we used the Epworth Sleepiness Scale as a validated measure to assess daytime sleepiness. He scored 14 points, compatible with excessive daytime sleepiness.
Οbstructive sleep apnea-hypopnea syndrome was suspected and the patient underwent a polysomnography study, which demonstrated an apnea-hypopnea index (AHI) of 55.1 events per hour, an oxygen desaturation index (ODI) of 53 per hour, desaturation (SpO2<90%) for 289.7 minutes amounting to 66.5% of total sleep time, an average SpO2 value of 87.6% and a lowest SpO2 value of 66% (Figure ). These findings established the diagnosis of severe obstructive sleep apnea, without hypercapnia.
The patient was strongly encouraged to lose weight following specific dietary instructions and an exercise program, as well as to avoid sedatives and alcohol before sleep. Continuous positive airway pressure (CPAP) treatment at sleep was initiated following titration. At follow-up one week later, the patient’s symptoms and pain crises had significantly subsided. During six months of follow-up, he showed appropriate compliance with CPAP treatment and total resolution of pain crises."
20260902T001108-5476a462,11065119-1,holdout,48,Acute Chest Syndrome (ACS),False,y,,"""death_attributed"" (bool) - The patient died and the note attributes the death to THIS outcome. | ""resp_support"" (ord, one of: room_air, low_flow_o2, high_flow, niv_bipap_cpap, invasive_ventilation) - Maximum respiratory support given during the event. In notes this reads as: room_air = no supplemental oxygen; low_flow_o2 = nasal cannula, face mask, simple mask, up to about 6 L/min; high_flow = high-flow nasal cannula, HFNC, Optiflow, Airvo, venturi mask at high flow; niv_bipap_cpap = BiPAP, CPAP, non-invasive ventilation; invasive_ventilation = intubation, mechanical ventilation, ventilated via tracheostomy. | ""transfusion_type"" (ord, one of: none, simple, exchange) - Most intensive erythrocyte transfusion given for this event. In notes this reads as: none = no red cell transfusion; simple = top-up, packed red cells, straight transfusion; exchange = exchange transfusion, red cell exchange, erythrocytapheresis, manual or automated exchange. | ""fio2_pct"" (num; the pipeline converts to %) - Highest documented FiO2 as a percentage. Room air is 21. | ""life_support_other"" (bool) - Any other life-supporting treatment not covered by mechanical ventilation, vasopressors or renal replacement (e.g. ECMO). | ""renal_replacement"" (bool) - Renal replacement therapy given: haemodialysis, CRRT, haemofiltration, peritoneal dialysis. | ""vasopressors"" (bool) - Vasoactive or vasopressor infusion given (norepinephrine, epinephrine, dopamine, dobutamine, milrinone). | ""acs_other_support"" (bool) - Erythropoietin or any other supportive treatment for the ACS, other than antibiotics.",Nocturnal Pain Crises in an Adult with Sickle Cell Disease,"A 62-year-old male presented at the outpatient department with intermittent nocturnal chest pain, usually concurring with hand and foot pain at arousals from sleep. These episodes did not respond to analgesics but resolved in the daytime. There was a gradual worsening within one year. His medical history included SCD since childhood with no need for treatment with hydroxyurea and blood transfusions, other than occasional analgesics in cold weather. He was a former smoker with 40 pack-years smoking history.
The patient was obese with a body mass index of 35.1 kg/m2; his body weight had reportedly increased within the past year. His vital signs, chest X-ray, and blood tests were normal, apart from stable moderate anemia (hemoglobin 9.4 g/dL) consistent with his previous measurements. A cardiology assessment did not reveal any notable pathology. In view of his smoking history, spirometry was performed, with normal values (forced vital capacity=89% of the predicted value, forced expiratory volume in the first second=94% of the predicted value, and Tiffeneau-Pinelli index=82.2%). However, the inspiratory flow-volume curve appeared flattened and “wavy” (Figure ), indicating a variable extra-thoracic upper airway obstruction, such as vocal cord and rhinopharyngeal edema.
Upon further questioning, his partner confirmed uneasy sleep with snoring, but the patient did not complain of any sleep-related symptoms himself. Considering potential symptom underestimation by the patient, we used the Epworth Sleepiness Scale as a validated measure to assess daytime sleepiness. He scored 14 points, compatible with excessive daytime sleepiness.
Οbstructive sleep apnea-hypopnea syndrome was suspected and the patient underwent a polysomnography study, which demonstrated an apnea-hypopnea index (AHI) of 55.1 events per hour, an oxygen desaturation index (ODI) of 53 per hour, desaturation (SpO2<90%) for 289.7 minutes amounting to 66.5% of total sleep time, an average SpO2 value of 87.6% and a lowest SpO2 value of 66% (Figure ). These findings established the diagnosis of severe obstructive sleep apnea, without hypercapnia.
The patient was strongly encouraged to lose weight following specific dietary instructions and an exercise program, as well as to avoid sedatives and alcohol before sleep. Continuous positive airway pressure (CPAP) treatment at sleep was initiated following titration. At follow-up one week later, the patient’s symptoms and pain crises had significantly subsided. During six months of follow-up, he showed appropriate compliance with CPAP treatment and total resolution of pain crises."
20260902T001108-5476a462,2275218-1,seeded:19,28,Acute Sickle Cell Pain Episode,False,y,,"""death_attributed"" (bool) - The patient died and the note attributes the death to THIS outcome. | ""pain_co_complication"" (bool) - The pain episode was complicated by organ failure, acute chest syndrome, respiratory distress, DVT, PE, stroke, splenic sequestration, or hyperhaemolysis. | ""life_support_other"" (bool) - Any other life-supporting treatment not covered by mechanical ventilation, vasopressors or renal replacement (e.g. ECMO). | ""renal_replacement"" (bool) - Renal replacement therapy given: haemodialysis, CRRT, haemofiltration, peritoneal dialysis. | ""resp_support"" (ord, one of: room_air, low_flow_o2, high_flow, niv_bipap_cpap, invasive_ventilation) - Maximum respiratory support given during the event. In notes this reads as: room_air = no supplemental oxygen; low_flow_o2 = nasal cannula, face mask, simple mask, up to about 6 L/min; high_flow = high-flow nasal cannula, HFNC, Optiflow, Airvo, venturi mask at high flow; niv_bipap_cpap = BiPAP, CPAP, non-invasive ventilation; invasive_ventilation = intubation, mechanical ventilation, ventilated via tracheostomy. | ""vasopressors"" (bool) - Vasoactive or vasopressor infusion given (norepinephrine, epinephrine, dopamine, dobutamine, milrinone). | ""care_setting"" (ord, one of: home, clinic_or_day_hospital, ed_treat_release, inpatient, icu) - Highest level of care this event actually reached. `home` = managed without a facility visit; `ed_treat_release` = seen and discharged; `inpatient` = admitted; `icu` = critical care. In notes this reads as: home = managed without a facility visit; clinic_or_day_hospital = outpatient clinic, day unit, infusion centre; ed_treat_release = seen in the emergency department and discharged; inpatient = admitted to a ward; icu = intensive care, critical care, HDU.",Sickle cell nephropathy with diffuse proliferative lupus nephritis: a case report,"A 35 year old female with SCD, presented with pedal and periorbital edema, distension of abdomen, decreased urine output and dyspnoea on exertion since 1 month. On examination, she was pale, with pulse rate of 100/minute, normal temperature, and blood pressure was 160/100 mm Hg. Her abdomen was distended due to moderate ascites however there was no organomegaly/scars. Cardio-respiratory and neurological examination was unremarkable. Ultrasonography showed right kidney, 10.9 × 6.0 cm, left kidney of 11.4 × 5.8 cm, with increased echogenicity and maintained cortico-medullary differentiation. Moderate ascites was present.
On investigations, urine albumin was 500 mg/24 hours, microscopy showed 30–40 pus cells and 3–5 granular casts/high power field, urine culture was sterile, serum creatinine, 7.0 mg%, serum proteins, 4.5 gm/dL; serum albumin, 1.8 gm%, serum bilirubin was 0.5 mg/dL, serum alanine amino transferase was 16 units/L, random blood sugar was 87 mg/dL, serum uric acid was 7.5 mg/dL, serum sodium was 134 meq/L and serum potassium, 5.5 meq/L and positive sickling test was noted at 24 hours. Her hemoglobin was 7.1 gm/dL; total leucocyte count was 7,700/cmm with differential count showing neutrophils, 76%, lymphocytes, 20% and eosinophils and monocytes, each, 2%. Peripheral smear showed few crenated and sickled cells with mild hypochromia and anisopoikylocytosis.
She was dialyzed and 2 units of packed cells were transfused. Renal biopsy was performed and after paraffin embedding, 3 micrometer sections were taken and stained using Hematoxylin and eosin, Periodic Acid Schiff, Jone's silver methaneamine and Gomori's trichrome stains. Indirect immunofluorescence studies were performed using anti-human IgG, IgM, IgA, C1q, C3, albumin and fibrinogen anti-sera (DAKO, USA). Histopathology revealed one core with 13 glomeruli. All of them were moderately enlarged in size and 11 had exuberant and occasionally circumferential cellular (rarely fibrocellular) crescents occupying 70–90% urinary spaces, occasionally replacing capillary tufts and shrinking or pushing the capillary tufts towards vascular poles (Figure ). Capillary tufts had fairly open lumina lined by membranes with occasional reduplication, thickening/rupture. There was uniform moderate mesangial prominence. Capillaries and crescents were infiltrated by few sickle shaped, dysmorphic RBCs, platelet/fibrin thrombi. Afferent and efferent arterioles were filled with sickled RBCs. Bowman capsules were segmentally thickened and occasionally ruptured evoking periglomerular leucocytic reaction. Tubules were moderately degenerated and filled with cellular casts and rarely RBCs. Focal atrophy was also evident. Interstitium was moderately prominent for focal fibrosis and overlying focal mononuclear cellular infiltration with admixed neutrophils. Peri-tubular capillaries were dilated and filled with sickled RBCs (Figure ). At least one medium caliber and two small caliber arteries showed lumina filled with trapped dysmorphic RBCs.
Immunofluorescence studies showed fine granular fluorescence (+2) across 60–80% mesangial regions and adjacent capillaries of all glomeruli on staining with anti-human C3 and (trace/+1) with anti-human IgG, C1q and fibrinogen antisera (Figure ). Subsequently she was investigated for vasculitis and lupus nephritis. Indirect immunofluorescence and ELISA revealed anti-nuclear antibodies, (normal index: <1, test: 8.5), anti-dsDNA antibodies were >200 IU/mL (normal <25 IU/mL, Orgentec, Germany). Anti-neutrophil cytoplasmic antibodies were absent. Final diagnosis was made as SCN with DPLN, ISN/RPS class IV-G (A).
Hemoglobin variant study using High Performance Liquid Chromatography (d-10, Biorad, USA) was performed 5 days after transfusion which showed HbSA of 6.9% (Figure ).
She was treated with Methylprednisolone 500 mg, intravenously for 3 days and Cyclophosphamide, 500 mg intravenously immediately and dose was repeated after 21 days. Then she was switched over to oral Prednisolone, 40 mg/day. Hemodialysis was done on alternate days for 21 days. At follow-up of 2 months, she is on maintenance dialysis with urine output of less than 400 ml/day."
20260902T001108-5476a462,2275218-1,seeded:19,36,Fever,False,y,,"""temperature"" (num; the pipeline converts to degC) - Highest documented body temperature.",Sickle cell nephropathy with diffuse proliferative lupus nephritis: a case report,"A 35 year old female with SCD, presented with pedal and periorbital edema, distension of abdomen, decreased urine output and dyspnoea on exertion since 1 month. On examination, she was pale, with pulse rate of 100/minute, normal temperature, and blood pressure was 160/100 mm Hg. Her abdomen was distended due to moderate ascites however there was no organomegaly/scars. Cardio-respiratory and neurological examination was unremarkable. Ultrasonography showed right kidney, 10.9 × 6.0 cm, left kidney of 11.4 × 5.8 cm, with increased echogenicity and maintained cortico-medullary differentiation. Moderate ascites was present.
On investigations, urine albumin was 500 mg/24 hours, microscopy showed 30–40 pus cells and 3–5 granular casts/high power field, urine culture was sterile, serum creatinine, 7.0 mg%, serum proteins, 4.5 gm/dL; serum albumin, 1.8 gm%, serum bilirubin was 0.5 mg/dL, serum alanine amino transferase was 16 units/L, random blood sugar was 87 mg/dL, serum uric acid was 7.5 mg/dL, serum sodium was 134 meq/L and serum potassium, 5.5 meq/L and positive sickling test was noted at 24 hours. Her hemoglobin was 7.1 gm/dL; total leucocyte count was 7,700/cmm with differential count showing neutrophils, 76%, lymphocytes, 20% and eosinophils and monocytes, each, 2%. Peripheral smear showed few crenated and sickled cells with mild hypochromia and anisopoikylocytosis.
She was dialyzed and 2 units of packed cells were transfused. Renal biopsy was performed and after paraffin embedding, 3 micrometer sections were taken and stained using Hematoxylin and eosin, Periodic Acid Schiff, Jone's silver methaneamine and Gomori's trichrome stains. Indirect immunofluorescence studies were performed using anti-human IgG, IgM, IgA, C1q, C3, albumin and fibrinogen anti-sera (DAKO, USA). Histopathology revealed one core with 13 glomeruli. All of them were moderately enlarged in size and 11 had exuberant and occasionally circumferential cellular (rarely fibrocellular) crescents occupying 70–90% urinary spaces, occasionally replacing capillary tufts and shrinking or pushing the capillary tufts towards vascular poles (Figure ). Capillary tufts had fairly open lumina lined by membranes with occasional reduplication, thickening/rupture. There was uniform moderate mesangial prominence. Capillaries and crescents were infiltrated by few sickle shaped, dysmorphic RBCs, platelet/fibrin thrombi. Afferent and efferent arterioles were filled with sickled RBCs. Bowman capsules were segmentally thickened and occasionally ruptured evoking periglomerular leucocytic reaction. Tubules were moderately degenerated and filled with cellular casts and rarely RBCs. Focal atrophy was also evident. Interstitium was moderately prominent for focal fibrosis and overlying focal mononuclear cellular infiltration with admixed neutrophils. Peri-tubular capillaries were dilated and filled with sickled RBCs (Figure ). At least one medium caliber and two small caliber arteries showed lumina filled with trapped dysmorphic RBCs.
Immunofluorescence studies showed fine granular fluorescence (+2) across 60–80% mesangial regions and adjacent capillaries of all glomeruli on staining with anti-human C3 and (trace/+1) with anti-human IgG, C1q and fibrinogen antisera (Figure ). Subsequently she was investigated for vasculitis and lupus nephritis. Indirect immunofluorescence and ELISA revealed anti-nuclear antibodies, (normal index: <1, test: 8.5), anti-dsDNA antibodies were >200 IU/mL (normal <25 IU/mL, Orgentec, Germany). Anti-neutrophil cytoplasmic antibodies were absent. Final diagnosis was made as SCN with DPLN, ISN/RPS class IV-G (A).
Hemoglobin variant study using High Performance Liquid Chromatography (d-10, Biorad, USA) was performed 5 days after transfusion which showed HbSA of 6.9% (Figure ).
She was treated with Methylprednisolone 500 mg, intravenously for 3 days and Cyclophosphamide, 500 mg intravenously immediately and dose was repeated after 21 days. Then she was switched over to oral Prednisolone, 40 mg/day. Hemodialysis was done on alternate days for 21 days. At follow-up of 2 months, she is on maintenance dialysis with urine output of less than 400 ml/day."
20260902T001108-5476a462,2275218-1,seeded:19,48,Acute Chest Syndrome (ACS),False,y,,"""death_attributed"" (bool) - The patient died and the note attributes the death to THIS outcome. | ""resp_support"" (ord, one of: room_air, low_flow_o2, high_flow, niv_bipap_cpap, invasive_ventilation) - Maximum respiratory support given during the event. In notes this reads as: room_air = no supplemental oxygen; low_flow_o2 = nasal cannula, face mask, simple mask, up to about 6 L/min; high_flow = high-flow nasal cannula, HFNC, Optiflow, Airvo, venturi mask at high flow; niv_bipap_cpap = BiPAP, CPAP, non-invasive ventilation; invasive_ventilation = intubation, mechanical ventilation, ventilated via tracheostomy. | ""transfusion_type"" (ord, one of: none, simple, exchange) - Most intensive erythrocyte transfusion given for this event. In notes this reads as: none = no red cell transfusion; simple = top-up, packed red cells, straight transfusion; exchange = exchange transfusion, red cell exchange, erythrocytapheresis, manual or automated exchange. | ""fio2_pct"" (num; the pipeline converts to %) - Highest documented FiO2 as a percentage. Room air is 21. | ""life_support_other"" (bool) - Any other life-supporting treatment not covered by mechanical ventilation, vasopressors or renal replacement (e.g. ECMO). | ""renal_replacement"" (bool) - Renal replacement therapy given: haemodialysis, CRRT, haemofiltration, peritoneal dialysis. | ""vasopressors"" (bool) - Vasoactive or vasopressor infusion given (norepinephrine, epinephrine, dopamine, dobutamine, milrinone). | ""acs_other_support"" (bool) - Erythropoietin or any other supportive treatment for the ACS, other than antibiotics.",Sickle cell nephropathy with diffuse proliferative lupus nephritis: a case report,"A 35 year old female with SCD, presented with pedal and periorbital edema, distension of abdomen, decreased urine output and dyspnoea on exertion since 1 month. On examination, she was pale, with pulse rate of 100/minute, normal temperature, and blood pressure was 160/100 mm Hg. Her abdomen was distended due to moderate ascites however there was no organomegaly/scars. Cardio-respiratory and neurological examination was unremarkable. Ultrasonography showed right kidney, 10.9 × 6.0 cm, left kidney of 11.4 × 5.8 cm, with increased echogenicity and maintained cortico-medullary differentiation. Moderate ascites was present.
On investigations, urine albumin was 500 mg/24 hours, microscopy showed 30–40 pus cells and 3–5 granular casts/high power field, urine culture was sterile, serum creatinine, 7.0 mg%, serum proteins, 4.5 gm/dL; serum albumin, 1.8 gm%, serum bilirubin was 0.5 mg/dL, serum alanine amino transferase was 16 units/L, random blood sugar was 87 mg/dL, serum uric acid was 7.5 mg/dL, serum sodium was 134 meq/L and serum potassium, 5.5 meq/L and positive sickling test was noted at 24 hours. Her hemoglobin was 7.1 gm/dL; total leucocyte count was 7,700/cmm with differential count showing neutrophils, 76%, lymphocytes, 20% and eosinophils and monocytes, each, 2%. Peripheral smear showed few crenated and sickled cells with mild hypochromia and anisopoikylocytosis.
She was dialyzed and 2 units of packed cells were transfused. Renal biopsy was performed and after paraffin embedding, 3 micrometer sections were taken and stained using Hematoxylin and eosin, Periodic Acid Schiff, Jone's silver methaneamine and Gomori's trichrome stains. Indirect immunofluorescence studies were performed using anti-human IgG, IgM, IgA, C1q, C3, albumin and fibrinogen anti-sera (DAKO, USA). Histopathology revealed one core with 13 glomeruli. All of them were moderately enlarged in size and 11 had exuberant and occasionally circumferential cellular (rarely fibrocellular) crescents occupying 70–90% urinary spaces, occasionally replacing capillary tufts and shrinking or pushing the capillary tufts towards vascular poles (Figure ). Capillary tufts had fairly open lumina lined by membranes with occasional reduplication, thickening/rupture. There was uniform moderate mesangial prominence. Capillaries and crescents were infiltrated by few sickle shaped, dysmorphic RBCs, platelet/fibrin thrombi. Afferent and efferent arterioles were filled with sickled RBCs. Bowman capsules were segmentally thickened and occasionally ruptured evoking periglomerular leucocytic reaction. Tubules were moderately degenerated and filled with cellular casts and rarely RBCs. Focal atrophy was also evident. Interstitium was moderately prominent for focal fibrosis and overlying focal mononuclear cellular infiltration with admixed neutrophils. Peri-tubular capillaries were dilated and filled with sickled RBCs (Figure ). At least one medium caliber and two small caliber arteries showed lumina filled with trapped dysmorphic RBCs.
Immunofluorescence studies showed fine granular fluorescence (+2) across 60–80% mesangial regions and adjacent capillaries of all glomeruli on staining with anti-human C3 and (trace/+1) with anti-human IgG, C1q and fibrinogen antisera (Figure ). Subsequently she was investigated for vasculitis and lupus nephritis. Indirect immunofluorescence and ELISA revealed anti-nuclear antibodies, (normal index: <1, test: 8.5), anti-dsDNA antibodies were >200 IU/mL (normal <25 IU/mL, Orgentec, Germany). Anti-neutrophil cytoplasmic antibodies were absent. Final diagnosis was made as SCN with DPLN, ISN/RPS class IV-G (A).
Hemoglobin variant study using High Performance Liquid Chromatography (d-10, Biorad, USA) was performed 5 days after transfusion which showed HbSA of 6.9% (Figure ).
She was treated with Methylprednisolone 500 mg, intravenously for 3 days and Cyclophosphamide, 500 mg intravenously immediately and dose was repeated after 21 days. Then she was switched over to oral Prednisolone, 40 mg/day. Hemodialysis was done on alternate days for 21 days. At follow-up of 2 months, she is on maintenance dialysis with urine output of less than 400 ml/day."
20260902T001108-5476a462,3227318-1,seeded:19,19,Acute Kidney Injury (AKI),False,y,,"""death_attributed"" (bool) - The patient died and the note attributes the death to THIS outcome. | ""creatinine_x_baseline"" (num; the pipeline converts to ratio) - Serum creatinine as a multiple of the patient's baseline (1.5 means 1.5x baseline). | ""creatinine"" (num; the pipeline converts to mg/dL) - Serum creatinine. | ""egfr"" (num; the pipeline converts to mL/min/1.73m2) - Estimated glomerular filtration rate. | ""esrd_progression"" (bool) - The AKI progressed to permanent end-stage renal disease. | ""patient_age"" (num; the pipeline converts to years) - Patient age at this encounter, in years. Required before grading 06, 19, 25, 26, 42, 53; grading returns `cannot grade: age unknown` without it. | ""renal_replacement"" (bool) - Renal replacement therapy given: haemodialysis, CRRT, haemofiltration, peritoneal dialysis. | ""creatinine_increase_mg_dl"" (num; the pipeline converts to mg/dL) - Absolute rise in serum creatinine within 48 hours.",Broncho-pleuropericardial fistula complicating staphylococcal sepsis,"A 12-year-old female, previously healthy, was admitted from the emergency department to the intensive care unit with a two weeks history of fever and multiple asymmetrical joint swelling and pain. Her admission temperature was 39.6°C, heart rate (HR) 130 beats/min, arterial blood pressure (BP) 127/57 mmHg, respiratory rate (RR) 35 breaths/min, and oxygen saturation (SpO2) 93% on air. On examination, the patient had hair lice with multiple scratch marks on her scalp, bilateral pleural effusion, ejection systolic murmur grade 2/6 over the aortic area, tender hepatomegaly (3 cm below the costal margin, liver span 10 cm), and multiple joint swelling, redness, and tenderness involving the right middle finger, right hip, and both knees and ankles. Admission laboratory results revealed a white blood cell (WBC) count of 6000 cells/mm3, lymphocytes 0.9×109cells/l, granulocytes 4.5×109·cells/l, monocytes 0.2×109cells/l, reticulocytes 28×109cells/l, platelets 156,000 cells/mm3, hemoglobin 107 g/l, serum sodium 125 mmol/l, serum potassium 4.8 mmol/l, serum glucose 4.3 mmol/l, serum urea 20.7 mmol/l, serum creatinine 90 mmol/l, lactate dehydrogenase (LDH) 1427 IU/L, aspartate aminotransferase (AST) 408 IU/L, alanine transaminase (ALT) 307 IU/L, alkaline phosphatase (ALP) 184 IU/L, albumin 19 g/l, gamma-glutamate transferase (GGT) 110 IU/L, creatine kinase (CK) 142 IU/L, total bilirubin 145 mmol/l, serum osmolality 289 mOsm/kg, and urine osmolality 647 mOsm/kg. The patient's international normalized ratio (INR) was 1.2, prothrombin time (PT) 14 (control 12), and activated partial thromboplastin time (aPTT) 36 (control 34). Screening tests for sickle cell disease, hepatitis A, hepatitis C, and human immunodeficiency virus were negative; however, she tested positive for anti-hepatitis B surface antigen (anti-HBs Ag) antibodies. Chest X-ray confirmed the presence of bilateral pleural effusion (right > left) and showed widened mediastinum with a pear-shaped heart suggestive of pericardial effusion. A twelve-lead electrocardiogram (ECG) demonstrated sinus tachycardia, diffuse ST-segment elevation with generalized T-wave inversion. Transthoracic echocardiogram revealed moderate size pericardial effusion and no evidence of endocarditis or valvular heart disease. Blood, sputum, and urine cultures were obtained in the emergency department and the patient was started empirically by the emergency department physician on ceftazidime 1.3 g intravenous (IV) every 8 hours and flucloxacillin 1.2 g IV every 6 hours. In addition, a right chest tube thoracostomy was inserted and placed to underwater seal; 800 ml of serous fluid was drained and there was no air leak. Analysis of pleural fluid showed lactate dehydrogenase (LDH) 5 IU/L, albumin 19 g/L, and pH 7.37. Gram-positive cocci in clusters were seen on Gram staining of the pleural fluid (admission sample). The patient's hair was shaved and she was started on anti-lice shampoo. Sputum microscopy was negative for acid-fast bacilli and a sample for mycobacterium tuberculosis culture and polymerase chain reaction test was sent off.
On the second day, the patient became more tachypneic (RR 40 breaths/min) and hypotensive (BP 90/40 mmHg). Her trachea was intubated, lungs were mechanically ventilated, antibiotics were changed to meropenem to broaden her coverage, and she was started on dopamine and norepinephrine infusions. After initiation of mechanical ventilation, air leak from the right chest tube was observed suggesting the presence of bronchopleural fistula, however, she maintained her SpO2 > 95% on FiO2 0.4. Echocardiography-guided pericardiocentesis was performed and 500 ml of pus was aspirated and a pig-tail catheter was inserted into the pericardium. Pericardial fluid analysis showed proteins 42 g/l, albumin 27 g/l, and Gram positive cocci in clusters on microscopy. Chest X-ray showed right minimal hydropneumothorax. Ultrasound examination of the abdomen revealed perinephric and subhepatic collections with free fluid in the abdomen and pelvis. Methicillin-sensitive Staphylococcus aureus was cultured from sputum, blood, pleural fluid, and pericardial aspirate. Urine cultures were negative. Rheumatoid factor levels were slightly above the upper range of normal at 48.8 IU/L. Cytomegalovirus IgM antibodies were negative, but the IgG titer was 1/21,000 IU/L.
On day 4, air started to leak continuously through the pericardial pig-tail catheter which was still draining pus and the air leak was most marked during mechanical inspiration. A broncho-pericardial or broncho-pleuropericardial fistula was suspected. The pig-tail catheter was inadvertently clamped and the patient's BP decreased to 80/50 mmHg and HR increased to 120 beats/min. BP and HR returned to baseline values after de-clamping the catheter. Computed tomography (CT) of the chest showed pneumopericardium [Figures and ] and hydropneumothorax []. The radiologist injected radio-opaque contrast material easily into the pericardial pig-tail catheter and the contrast material immediately spilled over into the right pleural cavity []. A CT fistulogram, thus, confirmed the presence of communication between the right pleural space and the pericardium []. The cardiothoracic surgeon recommended conservative management given the patient status at the time. On day 5, the abdominal collections were aspirated laparoscopically. On day 11, the patient developed disseminated intravascular coagulation and was bleeding from everywhere. On day 13, she died of multi-organ failure and her parents refused an autopsy."
20260902T001108-5476a462,3227318-1,seeded:19,28,Acute Sickle Cell Pain Episode,False,y,,"""death_attributed"" (bool) - The patient died and the note attributes the death to THIS outcome. | ""pain_co_complication"" (bool) - The pain episode was complicated by organ failure, acute chest syndrome, respiratory distress, DVT, PE, stroke, splenic sequestration, or hyperhaemolysis. | ""life_support_other"" (bool) - Any other life-supporting treatment not covered by mechanical ventilation, vasopressors or renal replacement (e.g. ECMO). | ""renal_replacement"" (bool) - Renal replacement therapy given: haemodialysis, CRRT, haemofiltration, peritoneal dialysis. | ""resp_support"" (ord, one of: room_air, low_flow_o2, high_flow, niv_bipap_cpap, invasive_ventilation) - Maximum respiratory support given during the event. In notes this reads as: room_air = no supplemental oxygen; low_flow_o2 = nasal cannula, face mask, simple mask, up to about 6 L/min; high_flow = high-flow nasal cannula, HFNC, Optiflow, Airvo, venturi mask at high flow; niv_bipap_cpap = BiPAP, CPAP, non-invasive ventilation; invasive_ventilation = intubation, mechanical ventilation, ventilated via tracheostomy. | ""vasopressors"" (bool) - Vasoactive or vasopressor infusion given (norepinephrine, epinephrine, dopamine, dobutamine, milrinone). | ""care_setting"" (ord, one of: home, clinic_or_day_hospital, ed_treat_release, inpatient, icu) - Highest level of care this event actually reached. `home` = managed without a facility visit; `ed_treat_release` = seen and discharged; `inpatient` = admitted; `icu` = critical care. In notes this reads as: home = managed without a facility visit; clinic_or_day_hospital = outpatient clinic, day unit, infusion centre; ed_treat_release = seen in the emergency department and discharged; inpatient = admitted to a ward; icu = intensive care, critical care, HDU.",Broncho-pleuropericardial fistula complicating staphylococcal sepsis,"A 12-year-old female, previously healthy, was admitted from the emergency department to the intensive care unit with a two weeks history of fever and multiple asymmetrical joint swelling and pain. Her admission temperature was 39.6°C, heart rate (HR) 130 beats/min, arterial blood pressure (BP) 127/57 mmHg, respiratory rate (RR) 35 breaths/min, and oxygen saturation (SpO2) 93% on air. On examination, the patient had hair lice with multiple scratch marks on her scalp, bilateral pleural effusion, ejection systolic murmur grade 2/6 over the aortic area, tender hepatomegaly (3 cm below the costal margin, liver span 10 cm), and multiple joint swelling, redness, and tenderness involving the right middle finger, right hip, and both knees and ankles. Admission laboratory results revealed a white blood cell (WBC) count of 6000 cells/mm3, lymphocytes 0.9×109cells/l, granulocytes 4.5×109·cells/l, monocytes 0.2×109cells/l, reticulocytes 28×109cells/l, platelets 156,000 cells/mm3, hemoglobin 107 g/l, serum sodium 125 mmol/l, serum potassium 4.8 mmol/l, serum glucose 4.3 mmol/l, serum urea 20.7 mmol/l, serum creatinine 90 mmol/l, lactate dehydrogenase (LDH) 1427 IU/L, aspartate aminotransferase (AST) 408 IU/L, alanine transaminase (ALT) 307 IU/L, alkaline phosphatase (ALP) 184 IU/L, albumin 19 g/l, gamma-glutamate transferase (GGT) 110 IU/L, creatine kinase (CK) 142 IU/L, total bilirubin 145 mmol/l, serum osmolality 289 mOsm/kg, and urine osmolality 647 mOsm/kg. The patient's international normalized ratio (INR) was 1.2, prothrombin time (PT) 14 (control 12), and activated partial thromboplastin time (aPTT) 36 (control 34). Screening tests for sickle cell disease, hepatitis A, hepatitis C, and human immunodeficiency virus were negative; however, she tested positive for anti-hepatitis B surface antigen (anti-HBs Ag) antibodies. Chest X-ray confirmed the presence of bilateral pleural effusion (right > left) and showed widened mediastinum with a pear-shaped heart suggestive of pericardial effusion. A twelve-lead electrocardiogram (ECG) demonstrated sinus tachycardia, diffuse ST-segment elevation with generalized T-wave inversion. Transthoracic echocardiogram revealed moderate size pericardial effusion and no evidence of endocarditis or valvular heart disease. Blood, sputum, and urine cultures were obtained in the emergency department and the patient was started empirically by the emergency department physician on ceftazidime 1.3 g intravenous (IV) every 8 hours and flucloxacillin 1.2 g IV every 6 hours. In addition, a right chest tube thoracostomy was inserted and placed to underwater seal; 800 ml of serous fluid was drained and there was no air leak. Analysis of pleural fluid showed lactate dehydrogenase (LDH) 5 IU/L, albumin 19 g/L, and pH 7.37. Gram-positive cocci in clusters were seen on Gram staining of the pleural fluid (admission sample). The patient's hair was shaved and she was started on anti-lice shampoo. Sputum microscopy was negative for acid-fast bacilli and a sample for mycobacterium tuberculosis culture and polymerase chain reaction test was sent off.
On the second day, the patient became more tachypneic (RR 40 breaths/min) and hypotensive (BP 90/40 mmHg). Her trachea was intubated, lungs were mechanically ventilated, antibiotics were changed to meropenem to broaden her coverage, and she was started on dopamine and norepinephrine infusions. After initiation of mechanical ventilation, air leak from the right chest tube was observed suggesting the presence of bronchopleural fistula, however, she maintained her SpO2 > 95% on FiO2 0.4. Echocardiography-guided pericardiocentesis was performed and 500 ml of pus was aspirated and a pig-tail catheter was inserted into the pericardium. Pericardial fluid analysis showed proteins 42 g/l, albumin 27 g/l, and Gram positive cocci in clusters on microscopy. Chest X-ray showed right minimal hydropneumothorax. Ultrasound examination of the abdomen revealed perinephric and subhepatic collections with free fluid in the abdomen and pelvis. Methicillin-sensitive Staphylococcus aureus was cultured from sputum, blood, pleural fluid, and pericardial aspirate. Urine cultures were negative. Rheumatoid factor levels were slightly above the upper range of normal at 48.8 IU/L. Cytomegalovirus IgM antibodies were negative, but the IgG titer was 1/21,000 IU/L.
On day 4, air started to leak continuously through the pericardial pig-tail catheter which was still draining pus and the air leak was most marked during mechanical inspiration. A broncho-pericardial or broncho-pleuropericardial fistula was suspected. The pig-tail catheter was inadvertently clamped and the patient's BP decreased to 80/50 mmHg and HR increased to 120 beats/min. BP and HR returned to baseline values after de-clamping the catheter. Computed tomography (CT) of the chest showed pneumopericardium [Figures and ] and hydropneumothorax []. The radiologist injected radio-opaque contrast material easily into the pericardial pig-tail catheter and the contrast material immediately spilled over into the right pleural cavity []. A CT fistulogram, thus, confirmed the presence of communication between the right pleural space and the pericardium []. The cardiothoracic surgeon recommended conservative management given the patient status at the time. On day 5, the abdominal collections were aspirated laparoscopically. On day 11, the patient developed disseminated intravascular coagulation and was bleeding from everywhere. On day 13, she died of multi-organ failure and her parents refused an autopsy."
20260902T001108-5476a462,3227318-1,seeded:19,48,Acute Chest Syndrome (ACS),False,y,,"""death_attributed"" (bool) - The patient died and the note attributes the death to THIS outcome. | ""resp_support"" (ord, one of: room_air, low_flow_o2, high_flow, niv_bipap_cpap, invasive_ventilation) - Maximum respiratory support given during the event. In notes this reads as: room_air = no supplemental oxygen; low_flow_o2 = nasal cannula, face mask, simple mask, up to about 6 L/min; high_flow = high-flow nasal cannula, HFNC, Optiflow, Airvo, venturi mask at high flow; niv_bipap_cpap = BiPAP, CPAP, non-invasive ventilation; invasive_ventilation = intubation, mechanical ventilation, ventilated via tracheostomy. | ""transfusion_type"" (ord, one of: none, simple, exchange) - Most intensive erythrocyte transfusion given for this event. In notes this reads as: none = no red cell transfusion; simple = top-up, packed red cells, straight transfusion; exchange = exchange transfusion, red cell exchange, erythrocytapheresis, manual or automated exchange. | ""fio2_pct"" (num; the pipeline converts to %) - Highest documented FiO2 as a percentage. Room air is 21. | ""life_support_other"" (bool) - Any other life-supporting treatment not covered by mechanical ventilation, vasopressors or renal replacement (e.g. ECMO). | ""renal_replacement"" (bool) - Renal replacement therapy given: haemodialysis, CRRT, haemofiltration, peritoneal dialysis. | ""vasopressors"" (bool) - Vasoactive or vasopressor infusion given (norepinephrine, epinephrine, dopamine, dobutamine, milrinone). | ""acs_other_support"" (bool) - Erythropoietin or any other supportive treatment for the ACS, other than antibiotics.",Broncho-pleuropericardial fistula complicating staphylococcal sepsis,"A 12-year-old female, previously healthy, was admitted from the emergency department to the intensive care unit with a two weeks history of fever and multiple asymmetrical joint swelling and pain. Her admission temperature was 39.6°C, heart rate (HR) 130 beats/min, arterial blood pressure (BP) 127/57 mmHg, respiratory rate (RR) 35 breaths/min, and oxygen saturation (SpO2) 93% on air. On examination, the patient had hair lice with multiple scratch marks on her scalp, bilateral pleural effusion, ejection systolic murmur grade 2/6 over the aortic area, tender hepatomegaly (3 cm below the costal margin, liver span 10 cm), and multiple joint swelling, redness, and tenderness involving the right middle finger, right hip, and both knees and ankles. Admission laboratory results revealed a white blood cell (WBC) count of 6000 cells/mm3, lymphocytes 0.9×109cells/l, granulocytes 4.5×109·cells/l, monocytes 0.2×109cells/l, reticulocytes 28×109cells/l, platelets 156,000 cells/mm3, hemoglobin 107 g/l, serum sodium 125 mmol/l, serum potassium 4.8 mmol/l, serum glucose 4.3 mmol/l, serum urea 20.7 mmol/l, serum creatinine 90 mmol/l, lactate dehydrogenase (LDH) 1427 IU/L, aspartate aminotransferase (AST) 408 IU/L, alanine transaminase (ALT) 307 IU/L, alkaline phosphatase (ALP) 184 IU/L, albumin 19 g/l, gamma-glutamate transferase (GGT) 110 IU/L, creatine kinase (CK) 142 IU/L, total bilirubin 145 mmol/l, serum osmolality 289 mOsm/kg, and urine osmolality 647 mOsm/kg. The patient's international normalized ratio (INR) was 1.2, prothrombin time (PT) 14 (control 12), and activated partial thromboplastin time (aPTT) 36 (control 34). Screening tests for sickle cell disease, hepatitis A, hepatitis C, and human immunodeficiency virus were negative; however, she tested positive for anti-hepatitis B surface antigen (anti-HBs Ag) antibodies. Chest X-ray confirmed the presence of bilateral pleural effusion (right > left) and showed widened mediastinum with a pear-shaped heart suggestive of pericardial effusion. A twelve-lead electrocardiogram (ECG) demonstrated sinus tachycardia, diffuse ST-segment elevation with generalized T-wave inversion. Transthoracic echocardiogram revealed moderate size pericardial effusion and no evidence of endocarditis or valvular heart disease. Blood, sputum, and urine cultures were obtained in the emergency department and the patient was started empirically by the emergency department physician on ceftazidime 1.3 g intravenous (IV) every 8 hours and flucloxacillin 1.2 g IV every 6 hours. In addition, a right chest tube thoracostomy was inserted and placed to underwater seal; 800 ml of serous fluid was drained and there was no air leak. Analysis of pleural fluid showed lactate dehydrogenase (LDH) 5 IU/L, albumin 19 g/L, and pH 7.37. Gram-positive cocci in clusters were seen on Gram staining of the pleural fluid (admission sample). The patient's hair was shaved and she was started on anti-lice shampoo. Sputum microscopy was negative for acid-fast bacilli and a sample for mycobacterium tuberculosis culture and polymerase chain reaction test was sent off.
On the second day, the patient became more tachypneic (RR 40 breaths/min) and hypotensive (BP 90/40 mmHg). Her trachea was intubated, lungs were mechanically ventilated, antibiotics were changed to meropenem to broaden her coverage, and she was started on dopamine and norepinephrine infusions. After initiation of mechanical ventilation, air leak from the right chest tube was observed suggesting the presence of bronchopleural fistula, however, she maintained her SpO2 > 95% on FiO2 0.4. Echocardiography-guided pericardiocentesis was performed and 500 ml of pus was aspirated and a pig-tail catheter was inserted into the pericardium. Pericardial fluid analysis showed proteins 42 g/l, albumin 27 g/l, and Gram positive cocci in clusters on microscopy. Chest X-ray showed right minimal hydropneumothorax. Ultrasound examination of the abdomen revealed perinephric and subhepatic collections with free fluid in the abdomen and pelvis. Methicillin-sensitive Staphylococcus aureus was cultured from sputum, blood, pleural fluid, and pericardial aspirate. Urine cultures were negative. Rheumatoid factor levels were slightly above the upper range of normal at 48.8 IU/L. Cytomegalovirus IgM antibodies were negative, but the IgG titer was 1/21,000 IU/L.
On day 4, air started to leak continuously through the pericardial pig-tail catheter which was still draining pus and the air leak was most marked during mechanical inspiration. A broncho-pericardial or broncho-pleuropericardial fistula was suspected. The pig-tail catheter was inadvertently clamped and the patient's BP decreased to 80/50 mmHg and HR increased to 120 beats/min. BP and HR returned to baseline values after de-clamping the catheter. Computed tomography (CT) of the chest showed pneumopericardium [Figures and ] and hydropneumothorax []. The radiologist injected radio-opaque contrast material easily into the pericardial pig-tail catheter and the contrast material immediately spilled over into the right pleural cavity []. A CT fistulogram, thus, confirmed the presence of communication between the right pleural space and the pericardium []. The cardiothoracic surgeon recommended conservative management given the patient status at the time. On day 5, the abdominal collections were aspirated laparoscopically. On day 11, the patient developed disseminated intravascular coagulation and was bleeding from everywhere. On day 13, she died of multi-organ failure and her parents refused an autopsy."
20260902T001108-5476a462,4019921-1,seeded:28,19,Acute Kidney Injury (AKI),False,y,,"""death_attributed"" (bool) - The patient died and the note attributes the death to THIS outcome. | ""creatinine_x_baseline"" (num; the pipeline converts to ratio) - Serum creatinine as a multiple of the patient's baseline (1.5 means 1.5x baseline). | ""creatinine"" (num; the pipeline converts to mg/dL) - Serum creatinine. | ""egfr"" (num; the pipeline converts to mL/min/1.73m2) - Estimated glomerular filtration rate. | ""esrd_progression"" (bool) - The AKI progressed to permanent end-stage renal disease. | ""patient_age"" (num; the pipeline converts to years) - Patient age at this encounter, in years. Required before grading 06, 19, 25, 26, 42, 53; grading returns `cannot grade: age unknown` without it. | ""renal_replacement"" (bool) - Renal replacement therapy given: haemodialysis, CRRT, haemofiltration, peritoneal dialysis. | ""creatinine_increase_mg_dl"" (num; the pipeline converts to mg/dL) - Absolute rise in serum creatinine within 48 hours.",Gangrene of the Digits of the Right Lower Limb in a Patient with Homozygous Sickle Cell Disease and Ulcerative Colitis,"A 16-year old girl, known to have homozygous sickle cell disease (HBSS) presented to the SCU after having vomited twice that day. This was non-bilious and there was no history of haematemisis. However she reported 5 episodes of watery stool, which was said to be normal in color but there was no associated abdominal pain. She also complained of frontal headache associated with nasal congestion with a bloody nasal discharge. She had experienced one episode of nosebleed and but there was no history of fever or cough. Of note, she had not yet attained menarche.
In her past medical history it was noted that she had defaulted from follow up at the Sickle Cell Clinic for 13 years and had only one visit the month prior to this presentation. She had been diagnosed at 21 months of age following an episode of dactylitis. There were no recorded admissions to the day hospital at the SCU, neither was there a history of serious life threatening complications such as acute chest syndrome and stroke. She reported no recent admissions to hospital the last being 15 years prior. However she experienced pain mainly to lower back and knees and ankles once every 4 months and had not had any episodes in the previous 4 months.
She was treated at the SCU with codeine 40 mg orally and maintained nil by mouth. She was started on intravenous fluids at 100 mL/hour, and then referred to the Accident and Emergency Unit of the University Hospital of the West Indies. While at the emergency room she reported having pain to the left shin. Of note this patient has had no previous history of thrombosis neither is there is a family history of thrombosis.
On physical examination she had a normal mental state. Her pulse was regular and apex was not displaced. A systolic murmur was auscultated at the apex. Her chest was clear with adequate air entry on auscultation. Abdominal examination revealed hepatomegaly with a liver span of 15 cm and the edge of the liver was smooth. Her left shin was found to be tender on palpation. She was assessed then as having acute gastroenteritis and HBSS with a vaso-occlusive crisis.
After being treated in accident and emergency with oral rehydration fluid, diclofenac 75 mg, ranitidine 50 mg and dimenhydinate 50 mg, all given via the intramuscular route, she was allowed home on oral dimenhydinate.
The patient returned to accident and emergency less than 24 h later complaining of sudden onset of pain to her right foot since early that morning. This was associated with swelling and discoloration of the first, second and third toes on her right foot. Examination revealed a swelling to the dorsum of her right foot; this was warm, tender and erythematous. The area was noted to be cold and there was decreased sensation to the area. However, all pulses to the limb were palpable and strong.
She was diagnosed with digital arterial occlusion and admitted for medical management which included heparin i.v. 3500 units given stat then i.v. heparin 700 U/h followed by warfarin for 3 months duration, with the aim to keep her international normalized ratio between 2-3. A referral was also made to surgery. The decision was however taken that there was no role for surgical embolectomy. Amputation of her right first and second toes was done approximately 4 months after her initial presentation. Her immediate post-operative period was complicated by a wound infection and anemia that required transfusion.
Approximately 9 months later the patient was investigated with colonoscopy due to a 4-month history of bloody diarrhea. She was found to have a pancolitis and was diagnosed with ulcerative colitis. Presently, she is maintained on sulfasalazine 1 gram orally twice daily, prednisone 40 mg once daily and pantoprazole 40 mg once daily.
It should be noted that relevant investigations were performed sequentially as her symptoms unfolded. Total evaluation took place over a one-year period. Regrettably an arterial Doppler was not done at the time of the ischaemic event. This was done 2 months later during follow up at the Sickle Cell clinic.
Results of laboratory tests and investigations are summarized in and ."
20260902T001108-5476a462,4019921-1,seeded:28,36,Fever,False,y,,"""temperature"" (num; the pipeline converts to degC) - Highest documented body temperature.",Gangrene of the Digits of the Right Lower Limb in a Patient with Homozygous Sickle Cell Disease and Ulcerative Colitis,"A 16-year old girl, known to have homozygous sickle cell disease (HBSS) presented to the SCU after having vomited twice that day. This was non-bilious and there was no history of haematemisis. However she reported 5 episodes of watery stool, which was said to be normal in color but there was no associated abdominal pain. She also complained of frontal headache associated with nasal congestion with a bloody nasal discharge. She had experienced one episode of nosebleed and but there was no history of fever or cough. Of note, she had not yet attained menarche.
In her past medical history it was noted that she had defaulted from follow up at the Sickle Cell Clinic for 13 years and had only one visit the month prior to this presentation. She had been diagnosed at 21 months of age following an episode of dactylitis. There were no recorded admissions to the day hospital at the SCU, neither was there a history of serious life threatening complications such as acute chest syndrome and stroke. She reported no recent admissions to hospital the last being 15 years prior. However she experienced pain mainly to lower back and knees and ankles once every 4 months and had not had any episodes in the previous 4 months.
She was treated at the SCU with codeine 40 mg orally and maintained nil by mouth. She was started on intravenous fluids at 100 mL/hour, and then referred to the Accident and Emergency Unit of the University Hospital of the West Indies. While at the emergency room she reported having pain to the left shin. Of note this patient has had no previous history of thrombosis neither is there is a family history of thrombosis.
On physical examination she had a normal mental state. Her pulse was regular and apex was not displaced. A systolic murmur was auscultated at the apex. Her chest was clear with adequate air entry on auscultation. Abdominal examination revealed hepatomegaly with a liver span of 15 cm and the edge of the liver was smooth. Her left shin was found to be tender on palpation. She was assessed then as having acute gastroenteritis and HBSS with a vaso-occlusive crisis.
After being treated in accident and emergency with oral rehydration fluid, diclofenac 75 mg, ranitidine 50 mg and dimenhydinate 50 mg, all given via the intramuscular route, she was allowed home on oral dimenhydinate.
The patient returned to accident and emergency less than 24 h later complaining of sudden onset of pain to her right foot since early that morning. This was associated with swelling and discoloration of the first, second and third toes on her right foot. Examination revealed a swelling to the dorsum of her right foot; this was warm, tender and erythematous. The area was noted to be cold and there was decreased sensation to the area. However, all pulses to the limb were palpable and strong.
She was diagnosed with digital arterial occlusion and admitted for medical management which included heparin i.v. 3500 units given stat then i.v. heparin 700 U/h followed by warfarin for 3 months duration, with the aim to keep her international normalized ratio between 2-3. A referral was also made to surgery. The decision was however taken that there was no role for surgical embolectomy. Amputation of her right first and second toes was done approximately 4 months after her initial presentation. Her immediate post-operative period was complicated by a wound infection and anemia that required transfusion.
Approximately 9 months later the patient was investigated with colonoscopy due to a 4-month history of bloody diarrhea. She was found to have a pancolitis and was diagnosed with ulcerative colitis. Presently, she is maintained on sulfasalazine 1 gram orally twice daily, prednisone 40 mg once daily and pantoprazole 40 mg once daily.
It should be noted that relevant investigations were performed sequentially as her symptoms unfolded. Total evaluation took place over a one-year period. Regrettably an arterial Doppler was not done at the time of the ischaemic event. This was done 2 months later during follow up at the Sickle Cell clinic.
Results of laboratory tests and investigations are summarized in and ."
20260902T001108-5476a462,4019921-1,seeded:28,48,Acute Chest Syndrome (ACS),False,y,,"""death_attributed"" (bool) - The patient died and the note attributes the death to THIS outcome. | ""resp_support"" (ord, one of: room_air, low_flow_o2, high_flow, niv_bipap_cpap, invasive_ventilation) - Maximum respiratory support given during the event. In notes this reads as: room_air = no supplemental oxygen; low_flow_o2 = nasal cannula, face mask, simple mask, up to about 6 L/min; high_flow = high-flow nasal cannula, HFNC, Optiflow, Airvo, venturi mask at high flow; niv_bipap_cpap = BiPAP, CPAP, non-invasive ventilation; invasive_ventilation = intubation, mechanical ventilation, ventilated via tracheostomy. | ""transfusion_type"" (ord, one of: none, simple, exchange) - Most intensive erythrocyte transfusion given for this event. In notes this reads as: none = no red cell transfusion; simple = top-up, packed red cells, straight transfusion; exchange = exchange transfusion, red cell exchange, erythrocytapheresis, manual or automated exchange. | ""fio2_pct"" (num; the pipeline converts to %) - Highest documented FiO2 as a percentage. Room air is 21. | ""life_support_other"" (bool) - Any other life-supporting treatment not covered by mechanical ventilation, vasopressors or renal replacement (e.g. ECMO). | ""renal_replacement"" (bool) - Renal replacement therapy given: haemodialysis, CRRT, haemofiltration, peritoneal dialysis. | ""vasopressors"" (bool) - Vasoactive or vasopressor infusion given (norepinephrine, epinephrine, dopamine, dobutamine, milrinone). | ""acs_other_support"" (bool) - Erythropoietin or any other supportive treatment for the ACS, other than antibiotics.",Gangrene of the Digits of the Right Lower Limb in a Patient with Homozygous Sickle Cell Disease and Ulcerative Colitis,"A 16-year old girl, known to have homozygous sickle cell disease (HBSS) presented to the SCU after having vomited twice that day. This was non-bilious and there was no history of haematemisis. However she reported 5 episodes of watery stool, which was said to be normal in color but there was no associated abdominal pain. She also complained of frontal headache associated with nasal congestion with a bloody nasal discharge. She had experienced one episode of nosebleed and but there was no history of fever or cough. Of note, she had not yet attained menarche.
In her past medical history it was noted that she had defaulted from follow up at the Sickle Cell Clinic for 13 years and had only one visit the month prior to this presentation. She had been diagnosed at 21 months of age following an episode of dactylitis. There were no recorded admissions to the day hospital at the SCU, neither was there a history of serious life threatening complications such as acute chest syndrome and stroke. She reported no recent admissions to hospital the last being 15 years prior. However she experienced pain mainly to lower back and knees and ankles once every 4 months and had not had any episodes in the previous 4 months.
She was treated at the SCU with codeine 40 mg orally and maintained nil by mouth. She was started on intravenous fluids at 100 mL/hour, and then referred to the Accident and Emergency Unit of the University Hospital of the West Indies. While at the emergency room she reported having pain to the left shin. Of note this patient has had no previous history of thrombosis neither is there is a family history of thrombosis.
On physical examination she had a normal mental state. Her pulse was regular and apex was not displaced. A systolic murmur was auscultated at the apex. Her chest was clear with adequate air entry on auscultation. Abdominal examination revealed hepatomegaly with a liver span of 15 cm and the edge of the liver was smooth. Her left shin was found to be tender on palpation. She was assessed then as having acute gastroenteritis and HBSS with a vaso-occlusive crisis.
After being treated in accident and emergency with oral rehydration fluid, diclofenac 75 mg, ranitidine 50 mg and dimenhydinate 50 mg, all given via the intramuscular route, she was allowed home on oral dimenhydinate.
The patient returned to accident and emergency less than 24 h later complaining of sudden onset of pain to her right foot since early that morning. This was associated with swelling and discoloration of the first, second and third toes on her right foot. Examination revealed a swelling to the dorsum of her right foot; this was warm, tender and erythematous. The area was noted to be cold and there was decreased sensation to the area. However, all pulses to the limb were palpable and strong.
She was diagnosed with digital arterial occlusion and admitted for medical management which included heparin i.v. 3500 units given stat then i.v. heparin 700 U/h followed by warfarin for 3 months duration, with the aim to keep her international normalized ratio between 2-3. A referral was also made to surgery. The decision was however taken that there was no role for surgical embolectomy. Amputation of her right first and second toes was done approximately 4 months after her initial presentation. Her immediate post-operative period was complicated by a wound infection and anemia that required transfusion.
Approximately 9 months later the patient was investigated with colonoscopy due to a 4-month history of bloody diarrhea. She was found to have a pancolitis and was diagnosed with ulcerative colitis. Presently, she is maintained on sulfasalazine 1 gram orally twice daily, prednisone 40 mg once daily and pantoprazole 40 mg once daily.
It should be noted that relevant investigations were performed sequentially as her symptoms unfolded. Total evaluation took place over a one-year period. Regrettably an arterial Doppler was not done at the time of the ischaemic event. This was done 2 months later during follow up at the Sickle Cell clinic.
Results of laboratory tests and investigations are summarized in and ."
20260902T001108-5476a462,4989066-2,seeded:28,19,Acute Kidney Injury (AKI),False,y,,"""death_attributed"" (bool) - The patient died and the note attributes the death to THIS outcome. | ""creatinine_x_baseline"" (num; the pipeline converts to ratio) - Serum creatinine as a multiple of the patient's baseline (1.5 means 1.5x baseline). | ""creatinine"" (num; the pipeline converts to mg/dL) - Serum creatinine. | ""egfr"" (num; the pipeline converts to mL/min/1.73m2) - Estimated glomerular filtration rate. | ""esrd_progression"" (bool) - The AKI progressed to permanent end-stage renal disease. | ""patient_age"" (num; the pipeline converts to years) - Patient age at this encounter, in years. Required before grading 06, 19, 25, 26, 42, 53; grading returns `cannot grade: age unknown` without it. | ""renal_replacement"" (bool) - Renal replacement therapy given: haemodialysis, CRRT, haemofiltration, peritoneal dialysis. | ""creatinine_increase_mg_dl"" (num; the pipeline converts to mg/dL) - Absolute rise in serum creatinine within 48 hours.",Amelioration of Sickle Cell Pain after Parathyroidectomy in Two Patients with Concurrent Hyperparathyroidism: An Interesting Finding,"Our second case is a 26-year-old male patient with homozygous sickle cell (HBSS) disease. He also had chronic kidney disease which progressed over 3 to 4 years to end stage renal disease (ESRD) requiring hemodialysis. Patient had frequent presentations for painful crises amounting to 16 ER visits and 82 inpatient days in the preceding year at our institution. His painful crises were notably more frequent since he developed ESRD and were localized in his hips and collar bones.
Most recent HPLC showed HbA of 81.8%, HbF < 1%, HbA2 of 2.7%, and HbS of 14.5% indicating that patient had recently received multiple blood transfusions. Hemogram showed WBC count of 12, Hb of 7.1 g/dL, and platelet count of 333. Blood chemistry was significant for elevated Ca on multiple occasions with a peak of 11.8 mg/dL. Phosphate was high on multiple occasions with a peak of 9.1 mg/dL. PTH was elevated on multiple occasions with a peak of 4078 pg/mL. Vitamin D levels ranged from 13 to 20 ng/mL. Predialysis blood urea nitrogen ranged from 60 to 80 mg/dL and creatinine ranged from 8 to 10 mg/dL. Patient was treated with cinacalcet for secondary hyperparathyroidism but became refractory to treatment after a period of time with persistently elevated calcium and PTH levels. Based on the above investigations, we reached a diagnosis of tertiary hyperparathyroidism due to ESRD.
Imaging studies were done to localize the parathyroid lesion. Radionuclide parathyroid imaging using technetium sestamibi scan showed slow washout in the right lower thyroid region () but CT scan of the neck with contrast showed moderately enhancing foci inferior to the left and right thyroid lobes and superior to the left thyroid lobe which raised suspicion of parathyroid hyperplasia and warranted exploration of all four parathyroid glands. Plain radiography revealed bony resorption typical of untreated hyperparathyroid bone disease at the greater trochanters of both femoral bones and lateral ends of both clavicles which were the locations of his pain (Figures and ).
Four-gland exploration and parathyroidectomy were performed and a portion of one gland was reimplanted in the left sternohyoid region. Histopathology showed parathyroid hyperplasia of all the resected glands. Intraoperative PTH monitoring was used as shown in Figures and . At 6-month follow-up calcium level was 9.1. Since this patient underwent parathyroidectomy, his frequency and severity of painful crises have decreased significantly. He has had only 3 ER visits and a total of 8 inpatient days for painful crises in the year following parathyroidectomy which is significantly lower than before the surgery."
20260902T001108-5476a462,4989066-2,seeded:28,28,Acute Sickle Cell Pain Episode,False,y,Historical pain crisis frequency cited but no specific acute episode documented in this note,"""death_attributed"" (bool) - The patient died and the note attributes the death to THIS outcome. | ""pain_co_complication"" (bool) - The pain episode was complicated by organ failure, acute chest syndrome, respiratory distress, DVT, PE, stroke, splenic sequestration, or hyperhaemolysis. | ""life_support_other"" (bool) - Any other life-supporting treatment not covered by mechanical ventilation, vasopressors or renal replacement (e.g. ECMO). | ""renal_replacement"" (bool) - Renal replacement therapy given: haemodialysis, CRRT, haemofiltration, peritoneal dialysis. | ""resp_support"" (ord, one of: room_air, low_flow_o2, high_flow, niv_bipap_cpap, invasive_ventilation) - Maximum respiratory support given during the event. In notes this reads as: room_air = no supplemental oxygen; low_flow_o2 = nasal cannula, face mask, simple mask, up to about 6 L/min; high_flow = high-flow nasal cannula, HFNC, Optiflow, Airvo, venturi mask at high flow; niv_bipap_cpap = BiPAP, CPAP, non-invasive ventilation; invasive_ventilation = intubation, mechanical ventilation, ventilated via tracheostomy. | ""vasopressors"" (bool) - Vasoactive or vasopressor infusion given (norepinephrine, epinephrine, dopamine, dobutamine, milrinone). | ""care_setting"" (ord, one of: home, clinic_or_day_hospital, ed_treat_release, inpatient, icu) - Highest level of care this event actually reached. `home` = managed without a facility visit; `ed_treat_release` = seen and discharged; `inpatient` = admitted; `icu` = critical care. In notes this reads as: home = managed without a facility visit; clinic_or_day_hospital = outpatient clinic, day unit, infusion centre; ed_treat_release = seen in the emergency department and discharged; inpatient = admitted to a ward; icu = intensive care, critical care, HDU.",Amelioration of Sickle Cell Pain after Parathyroidectomy in Two Patients with Concurrent Hyperparathyroidism: An Interesting Finding,"Our second case is a 26-year-old male patient with homozygous sickle cell (HBSS) disease. He also had chronic kidney disease which progressed over 3 to 4 years to end stage renal disease (ESRD) requiring hemodialysis. Patient had frequent presentations for painful crises amounting to 16 ER visits and 82 inpatient days in the preceding year at our institution. His painful crises were notably more frequent since he developed ESRD and were localized in his hips and collar bones.
Most recent HPLC showed HbA of 81.8%, HbF < 1%, HbA2 of 2.7%, and HbS of 14.5% indicating that patient had recently received multiple blood transfusions. Hemogram showed WBC count of 12, Hb of 7.1 g/dL, and platelet count of 333. Blood chemistry was significant for elevated Ca on multiple occasions with a peak of 11.8 mg/dL. Phosphate was high on multiple occasions with a peak of 9.1 mg/dL. PTH was elevated on multiple occasions with a peak of 4078 pg/mL. Vitamin D levels ranged from 13 to 20 ng/mL. Predialysis blood urea nitrogen ranged from 60 to 80 mg/dL and creatinine ranged from 8 to 10 mg/dL. Patient was treated with cinacalcet for secondary hyperparathyroidism but became refractory to treatment after a period of time with persistently elevated calcium and PTH levels. Based on the above investigations, we reached a diagnosis of tertiary hyperparathyroidism due to ESRD.
Imaging studies were done to localize the parathyroid lesion. Radionuclide parathyroid imaging using technetium sestamibi scan showed slow washout in the right lower thyroid region () but CT scan of the neck with contrast showed moderately enhancing foci inferior to the left and right thyroid lobes and superior to the left thyroid lobe which raised suspicion of parathyroid hyperplasia and warranted exploration of all four parathyroid glands. Plain radiography revealed bony resorption typical of untreated hyperparathyroid bone disease at the greater trochanters of both femoral bones and lateral ends of both clavicles which were the locations of his pain (Figures and ).
Four-gland exploration and parathyroidectomy were performed and a portion of one gland was reimplanted in the left sternohyoid region. Histopathology showed parathyroid hyperplasia of all the resected glands. Intraoperative PTH monitoring was used as shown in Figures and . At 6-month follow-up calcium level was 9.1. Since this patient underwent parathyroidectomy, his frequency and severity of painful crises have decreased significantly. He has had only 3 ER visits and a total of 8 inpatient days for painful crises in the year following parathyroidectomy which is significantly lower than before the surgery."
20260902T001108-5476a462,4989066-2,seeded:28,36,Fever,False,y,,"""temperature"" (num; the pipeline converts to degC) - Highest documented body temperature.",Amelioration of Sickle Cell Pain after Parathyroidectomy in Two Patients with Concurrent Hyperparathyroidism: An Interesting Finding,"Our second case is a 26-year-old male patient with homozygous sickle cell (HBSS) disease. He also had chronic kidney disease which progressed over 3 to 4 years to end stage renal disease (ESRD) requiring hemodialysis. Patient had frequent presentations for painful crises amounting to 16 ER visits and 82 inpatient days in the preceding year at our institution. His painful crises were notably more frequent since he developed ESRD and were localized in his hips and collar bones.
Most recent HPLC showed HbA of 81.8%, HbF < 1%, HbA2 of 2.7%, and HbS of 14.5% indicating that patient had recently received multiple blood transfusions. Hemogram showed WBC count of 12, Hb of 7.1 g/dL, and platelet count of 333. Blood chemistry was significant for elevated Ca on multiple occasions with a peak of 11.8 mg/dL. Phosphate was high on multiple occasions with a peak of 9.1 mg/dL. PTH was elevated on multiple occasions with a peak of 4078 pg/mL. Vitamin D levels ranged from 13 to 20 ng/mL. Predialysis blood urea nitrogen ranged from 60 to 80 mg/dL and creatinine ranged from 8 to 10 mg/dL. Patient was treated with cinacalcet for secondary hyperparathyroidism but became refractory to treatment after a period of time with persistently elevated calcium and PTH levels. Based on the above investigations, we reached a diagnosis of tertiary hyperparathyroidism due to ESRD.
Imaging studies were done to localize the parathyroid lesion. Radionuclide parathyroid imaging using technetium sestamibi scan showed slow washout in the right lower thyroid region () but CT scan of the neck with contrast showed moderately enhancing foci inferior to the left and right thyroid lobes and superior to the left thyroid lobe which raised suspicion of parathyroid hyperplasia and warranted exploration of all four parathyroid glands. Plain radiography revealed bony resorption typical of untreated hyperparathyroid bone disease at the greater trochanters of both femoral bones and lateral ends of both clavicles which were the locations of his pain (Figures and ).
Four-gland exploration and parathyroidectomy were performed and a portion of one gland was reimplanted in the left sternohyoid region. Histopathology showed parathyroid hyperplasia of all the resected glands. Intraoperative PTH monitoring was used as shown in Figures and . At 6-month follow-up calcium level was 9.1. Since this patient underwent parathyroidectomy, his frequency and severity of painful crises have decreased significantly. He has had only 3 ER visits and a total of 8 inpatient days for painful crises in the year following parathyroidectomy which is significantly lower than before the surgery."
20260902T001108-5476a462,5152782-1,seeded:36,19,Acute Kidney Injury (AKI),False,y,,"""death_attributed"" (bool) - The patient died and the note attributes the death to THIS outcome. | ""creatinine_x_baseline"" (num; the pipeline converts to ratio) - Serum creatinine as a multiple of the patient's baseline (1.5 means 1.5x baseline). | ""creatinine"" (num; the pipeline converts to mg/dL) - Serum creatinine. | ""egfr"" (num; the pipeline converts to mL/min/1.73m2) - Estimated glomerular filtration rate. | ""esrd_progression"" (bool) - The AKI progressed to permanent end-stage renal disease. | ""patient_age"" (num; the pipeline converts to years) - Patient age at this encounter, in years. Required before grading 06, 19, 25, 26, 42, 53; grading returns `cannot grade: age unknown` without it. | ""renal_replacement"" (bool) - Renal replacement therapy given: haemodialysis, CRRT, haemofiltration, peritoneal dialysis. | ""creatinine_increase_mg_dl"" (num; the pipeline converts to mg/dL) - Absolute rise in serum creatinine within 48 hours.",Acute Pancreatitis Following Endoscopic Ampullary Biopsies without Attempted Cannulation of the Ampulla of Vater,"A 51-year-old man underwent two gastroscopies over the prior 2 years with the indication of intermittent dyspepsia. On the last endoscopy, the ampulla of Vater was described as bulging; biopsies were performed and histological examinations revealed mild chronic, nonspecific, inflammatory mucosal lesions of the ampulla and duodenum, with regional architectural disturbances, epithelial hyperplasia, accompanying mild nuclear stratification, and atypia, not fulfilling the diagnostic criteria for epithelial dysplasia.
The patient was referred to our clinic with persistent, intermittent epigastric discomfort and pain, and we therefore scheduled a repeat examination in order to exclude an ampullary tumor. The patient was on acenocoumarol since an episode of pulmonary embolism 2 years prior. The extensive work-up after this episode did not reveal any aggravating factors for the embolism. In view of the results of the endoscopy, we advised the patient to discontinue acenocoumarol and changed to low molecular weight heparin (enoxaparin 40 mg/day).
The patient was heterozygous for sickle cell disease (hemoglobin electrophoresis: HbS, 29.5%; HbF, 0.6%; HbA2, 3.6%). The hemoglobin level before the procedure was 14.2 g/dL. He reported infrequent alcohol intake and smoking cessation 4 years prior. A side-viewing scope (Olympus TJF-145 Video Duodenoscope; Olympus, Tokyo, Japan) was used with the patient under conscious sedation (midazolam 2 mg, propofol 60 mg). The ampulla of Vater was examined and showed mild granularity (). Eight biopsies were obtained from the area around the ampulla with a reusable oval-cup forceps (Olympus FB-26N-1; Olympus). No excessive bleeding was observed during endoscopy. No arrhythmia was recorded during the procedure. Recovery was uneventful and the patient went home accompanied by another person. He had a light meal 2 hours after the procedure (cheese pie).
One hour after the meal, the patient experienced an acute, severe (eight out of 10), persistent abdominal pain with recurrent, unrelieved vomiting. He contacted his family doctor but refused hospital admission and was monitored on an outpatient basis. On the second day, the patient reported less vomiting, but the pain was still intense and he additionally became febrile to 38.5°C. He was advised to stop solid food intake and only take regular oral hydration.
On day 3, the symptoms improved with no vomiting, milder abdominal pain, and a temperature less than 37.8°C. Blood and urine tests were performed on the same day. Serum and urine amylase levels were 845 U/L (normal <100) and 8,500 U/L (normal <460), respectively. Lipase testing was not available in our unit. Kidney and liver tests showed normal results except for a slight elevation of the alanine aminotransferase level. Blood triglyceride level was 110 mg/dL (normal <150) and the calcium level was 9.2 mg/dL (normal 8.5 to 10.2).
Abdominal ultrasound did not reveal cholelithiasis or other pathology. On day 5, the symptoms completely resolved. A second abdominal ultrasound was unremarkable, while contrast-enhanced abdominal computed tomography (CT) revealed mild enlargement of the pancreatic head and stranding of the surrounding retroperitoneal fat (). Since then, the patient has returned to his usual activities.
Eight tissue samples, with an approximate diameter of 1 to 3 mm each, were analyzed. Histological examinations revealed mild inflammatory mucosal lesions of the ampulla and duodenum, with regional gastric metaplasia, regional epithelial hyperplasia, and mild nuclear stratification, which did not meet the diagnostic criteria for epithelial dysplasia."
20260902T001108-5476a462,5152782-1,seeded:36,28,Acute Sickle Cell Pain Episode,False,y,,"""death_attributed"" (bool) - The patient died and the note attributes the death to THIS outcome. | ""pain_co_complication"" (bool) - The pain episode was complicated by organ failure, acute chest syndrome, respiratory distress, DVT, PE, stroke, splenic sequestration, or hyperhaemolysis. | ""life_support_other"" (bool) - Any other life-supporting treatment not covered by mechanical ventilation, vasopressors or renal replacement (e.g. ECMO). | ""renal_replacement"" (bool) - Renal replacement therapy given: haemodialysis, CRRT, haemofiltration, peritoneal dialysis. | ""resp_support"" (ord, one of: room_air, low_flow_o2, high_flow, niv_bipap_cpap, invasive_ventilation) - Maximum respiratory support given during the event. In notes this reads as: room_air = no supplemental oxygen; low_flow_o2 = nasal cannula, face mask, simple mask, up to about 6 L/min; high_flow = high-flow nasal cannula, HFNC, Optiflow, Airvo, venturi mask at high flow; niv_bipap_cpap = BiPAP, CPAP, non-invasive ventilation; invasive_ventilation = intubation, mechanical ventilation, ventilated via tracheostomy. | ""vasopressors"" (bool) - Vasoactive or vasopressor infusion given (norepinephrine, epinephrine, dopamine, dobutamine, milrinone). | ""care_setting"" (ord, one of: home, clinic_or_day_hospital, ed_treat_release, inpatient, icu) - Highest level of care this event actually reached. `home` = managed without a facility visit; `ed_treat_release` = seen and discharged; `inpatient` = admitted; `icu` = critical care. In notes this reads as: home = managed without a facility visit; clinic_or_day_hospital = outpatient clinic, day unit, infusion centre; ed_treat_release = seen in the emergency department and discharged; inpatient = admitted to a ward; icu = intensive care, critical care, HDU.",Acute Pancreatitis Following Endoscopic Ampullary Biopsies without Attempted Cannulation of the Ampulla of Vater,"A 51-year-old man underwent two gastroscopies over the prior 2 years with the indication of intermittent dyspepsia. On the last endoscopy, the ampulla of Vater was described as bulging; biopsies were performed and histological examinations revealed mild chronic, nonspecific, inflammatory mucosal lesions of the ampulla and duodenum, with regional architectural disturbances, epithelial hyperplasia, accompanying mild nuclear stratification, and atypia, not fulfilling the diagnostic criteria for epithelial dysplasia.
The patient was referred to our clinic with persistent, intermittent epigastric discomfort and pain, and we therefore scheduled a repeat examination in order to exclude an ampullary tumor. The patient was on acenocoumarol since an episode of pulmonary embolism 2 years prior. The extensive work-up after this episode did not reveal any aggravating factors for the embolism. In view of the results of the endoscopy, we advised the patient to discontinue acenocoumarol and changed to low molecular weight heparin (enoxaparin 40 mg/day).
The patient was heterozygous for sickle cell disease (hemoglobin electrophoresis: HbS, 29.5%; HbF, 0.6%; HbA2, 3.6%). The hemoglobin level before the procedure was 14.2 g/dL. He reported infrequent alcohol intake and smoking cessation 4 years prior. A side-viewing scope (Olympus TJF-145 Video Duodenoscope; Olympus, Tokyo, Japan) was used with the patient under conscious sedation (midazolam 2 mg, propofol 60 mg). The ampulla of Vater was examined and showed mild granularity (). Eight biopsies were obtained from the area around the ampulla with a reusable oval-cup forceps (Olympus FB-26N-1; Olympus). No excessive bleeding was observed during endoscopy. No arrhythmia was recorded during the procedure. Recovery was uneventful and the patient went home accompanied by another person. He had a light meal 2 hours after the procedure (cheese pie).
One hour after the meal, the patient experienced an acute, severe (eight out of 10), persistent abdominal pain with recurrent, unrelieved vomiting. He contacted his family doctor but refused hospital admission and was monitored on an outpatient basis. On the second day, the patient reported less vomiting, but the pain was still intense and he additionally became febrile to 38.5°C. He was advised to stop solid food intake and only take regular oral hydration.
On day 3, the symptoms improved with no vomiting, milder abdominal pain, and a temperature less than 37.8°C. Blood and urine tests were performed on the same day. Serum and urine amylase levels were 845 U/L (normal <100) and 8,500 U/L (normal <460), respectively. Lipase testing was not available in our unit. Kidney and liver tests showed normal results except for a slight elevation of the alanine aminotransferase level. Blood triglyceride level was 110 mg/dL (normal <150) and the calcium level was 9.2 mg/dL (normal 8.5 to 10.2).
Abdominal ultrasound did not reveal cholelithiasis or other pathology. On day 5, the symptoms completely resolved. A second abdominal ultrasound was unremarkable, while contrast-enhanced abdominal computed tomography (CT) revealed mild enlargement of the pancreatic head and stranding of the surrounding retroperitoneal fat (). Since then, the patient has returned to his usual activities.
Eight tissue samples, with an approximate diameter of 1 to 3 mm each, were analyzed. Histological examinations revealed mild inflammatory mucosal lesions of the ampulla and duodenum, with regional gastric metaplasia, regional epithelial hyperplasia, and mild nuclear stratification, which did not meet the diagnostic criteria for epithelial dysplasia."
20260902T001108-5476a462,5152782-1,seeded:36,48,Acute Chest Syndrome (ACS),False,y,,"""death_attributed"" (bool) - The patient died and the note attributes the death to THIS outcome. | ""resp_support"" (ord, one of: room_air, low_flow_o2, high_flow, niv_bipap_cpap, invasive_ventilation) - Maximum respiratory support given during the event. In notes this reads as: room_air = no supplemental oxygen; low_flow_o2 = nasal cannula, face mask, simple mask, up to about 6 L/min; high_flow = high-flow nasal cannula, HFNC, Optiflow, Airvo, venturi mask at high flow; niv_bipap_cpap = BiPAP, CPAP, non-invasive ventilation; invasive_ventilation = intubation, mechanical ventilation, ventilated via tracheostomy. | ""transfusion_type"" (ord, one of: none, simple, exchange) - Most intensive erythrocyte transfusion given for this event. In notes this reads as: none = no red cell transfusion; simple = top-up, packed red cells, straight transfusion; exchange = exchange transfusion, red cell exchange, erythrocytapheresis, manual or automated exchange. | ""fio2_pct"" (num; the pipeline converts to %) - Highest documented FiO2 as a percentage. Room air is 21. | ""life_support_other"" (bool) - Any other life-supporting treatment not covered by mechanical ventilation, vasopressors or renal replacement (e.g. ECMO). | ""renal_replacement"" (bool) - Renal replacement therapy given: haemodialysis, CRRT, haemofiltration, peritoneal dialysis. | ""vasopressors"" (bool) - Vasoactive or vasopressor infusion given (norepinephrine, epinephrine, dopamine, dobutamine, milrinone). | ""acs_other_support"" (bool) - Erythropoietin or any other supportive treatment for the ACS, other than antibiotics.",Acute Pancreatitis Following Endoscopic Ampullary Biopsies without Attempted Cannulation of the Ampulla of Vater,"A 51-year-old man underwent two gastroscopies over the prior 2 years with the indication of intermittent dyspepsia. On the last endoscopy, the ampulla of Vater was described as bulging; biopsies were performed and histological examinations revealed mild chronic, nonspecific, inflammatory mucosal lesions of the ampulla and duodenum, with regional architectural disturbances, epithelial hyperplasia, accompanying mild nuclear stratification, and atypia, not fulfilling the diagnostic criteria for epithelial dysplasia.
The patient was referred to our clinic with persistent, intermittent epigastric discomfort and pain, and we therefore scheduled a repeat examination in order to exclude an ampullary tumor. The patient was on acenocoumarol since an episode of pulmonary embolism 2 years prior. The extensive work-up after this episode did not reveal any aggravating factors for the embolism. In view of the results of the endoscopy, we advised the patient to discontinue acenocoumarol and changed to low molecular weight heparin (enoxaparin 40 mg/day).
The patient was heterozygous for sickle cell disease (hemoglobin electrophoresis: HbS, 29.5%; HbF, 0.6%; HbA2, 3.6%). The hemoglobin level before the procedure was 14.2 g/dL. He reported infrequent alcohol intake and smoking cessation 4 years prior. A side-viewing scope (Olympus TJF-145 Video Duodenoscope; Olympus, Tokyo, Japan) was used with the patient under conscious sedation (midazolam 2 mg, propofol 60 mg). The ampulla of Vater was examined and showed mild granularity (). Eight biopsies were obtained from the area around the ampulla with a reusable oval-cup forceps (Olympus FB-26N-1; Olympus). No excessive bleeding was observed during endoscopy. No arrhythmia was recorded during the procedure. Recovery was uneventful and the patient went home accompanied by another person. He had a light meal 2 hours after the procedure (cheese pie).
One hour after the meal, the patient experienced an acute, severe (eight out of 10), persistent abdominal pain with recurrent, unrelieved vomiting. He contacted his family doctor but refused hospital admission and was monitored on an outpatient basis. On the second day, the patient reported less vomiting, but the pain was still intense and he additionally became febrile to 38.5°C. He was advised to stop solid food intake and only take regular oral hydration.
On day 3, the symptoms improved with no vomiting, milder abdominal pain, and a temperature less than 37.8°C. Blood and urine tests were performed on the same day. Serum and urine amylase levels were 845 U/L (normal <100) and 8,500 U/L (normal <460), respectively. Lipase testing was not available in our unit. Kidney and liver tests showed normal results except for a slight elevation of the alanine aminotransferase level. Blood triglyceride level was 110 mg/dL (normal <150) and the calcium level was 9.2 mg/dL (normal 8.5 to 10.2).
Abdominal ultrasound did not reveal cholelithiasis or other pathology. On day 5, the symptoms completely resolved. A second abdominal ultrasound was unremarkable, while contrast-enhanced abdominal computed tomography (CT) revealed mild enlargement of the pancreatic head and stranding of the surrounding retroperitoneal fat (). Since then, the patient has returned to his usual activities.
Eight tissue samples, with an approximate diameter of 1 to 3 mm each, were analyzed. Histological examinations revealed mild inflammatory mucosal lesions of the ampulla and duodenum, with regional gastric metaplasia, regional epithelial hyperplasia, and mild nuclear stratification, which did not meet the diagnostic criteria for epithelial dysplasia."
20260902T001108-5476a462,5597859-1,seeded:19,19,Acute Kidney Injury (AKI),False,y,,"""death_attributed"" (bool) - The patient died and the note attributes the death to THIS outcome. | ""creatinine_x_baseline"" (num; the pipeline converts to ratio) - Serum creatinine as a multiple of the patient's baseline (1.5 means 1.5x baseline). | ""creatinine"" (num; the pipeline converts to mg/dL) - Serum creatinine. | ""egfr"" (num; the pipeline converts to mL/min/1.73m2) - Estimated glomerular filtration rate. | ""esrd_progression"" (bool) - The AKI progressed to permanent end-stage renal disease. | ""patient_age"" (num; the pipeline converts to years) - Patient age at this encounter, in years. Required before grading 06, 19, 25, 26, 42, 53; grading returns `cannot grade: age unknown` without it. | ""renal_replacement"" (bool) - Renal replacement therapy given: haemodialysis, CRRT, haemofiltration, peritoneal dialysis. | ""creatinine_increase_mg_dl"" (num; the pipeline converts to mg/dL) - Absolute rise in serum creatinine within 48 hours.",The fortuitous repair of a common bile duct injury following placement of a percutaneous transhepatic cholangiogram catheter,"The patient is a 46-year-old male with history of sickle cell disease that presented to an outside hospital with abdominal pain and was diagnosed with acute cholecystitis. LC was performed and the patient was discharged home on the same day of surgery. He presented back to the original hospital on the same day of discharge with worsening abdominal pain, abnormal liver function studies, and imaging suggesting common bile duct transection. He was transferred to a neighboring hospital where he had an attempted and aborted endoscopic retrograde cholangiopancreatogram (ERCP). The patient was then transferred to our facility for management. Upon arrival, the patient was in severe respiratory distress consistent with sickle cell crisis, sinus tachycardia with heart rate 156, blood pressure 173/87, pulse oximetry 92% with high flow nasal cannula at 30 l/min. He was transferred immediately to the intensive care unit for management.
Hematology was consulted to assist with the management of the patient’s sickle cell disease. Laboratory workup was significant for total bilirubin 15.1 mg/dl, creatinine 1.1 mg/dl, AST 150 U/l (normal < 40 U/l), ALT 434 U/l (normal 58 U/l), Alkaline phosphatase 175 U/l (normal < 117 U/l), White blood cells 15.3 × 10^3/cm2, hematocrit 26%, hemoglobin 9.1 g/dl, platelets 216 × 10^3/cm2, INR 1.5.
A computed tomography (CT) angiogram of the abdomen was significant for multifocal pneumonia and free peritoneal fluid. Chest CT was negative for pulmonary embolism (Figs , ). Repeat ERCP confirmed a wide-open distal common bile duct at the level of multiple surgical clips with inability to pass a wire distally (Fig. ). Interventional radiology was consulted to obtain a percutaneous transhepatic cholangiography (PTC) prior to definitive surgical repair.
The PTC study confirmed the presence of a completely transected duct, and, fortunately, the ductal injury was traversed with a wire with entry into the distal ductal orifice and into the duodenum (Figs –). Following the procedure, the patient was taken directly to the operating room for open surgical repair.
The patient had over 2 l of bilious fluid consistent with bile peritonitis. The portal dissection was performed identifying ~2 cm of exposed PTC catheter exiting the proximal hepatic hilum and entering the distal common bile duct. The remainder of the common bile duct had either necrosed or was resected with the gallbladder (Fig. ). Multiple surgical clips were removed, identifying the cystic artery as well as the preserved right and left hepatic arteries.
The PTC catheter was pulled from the distal common bile duct and the orifice was closed using 3-0 prolene sutures. A retrocolic Roux-en-Y hepaticojejunostomy was performed with interrupted 5-0 PDS sutures after placing the PTC catheter into the roux limb. A drain was placed under the repair, the abdomen was closed, and the patient was transferred back to the ICU with the PTC catheter placed to gravity drainage.
The patient was extubated post-operative Day 1. He experienced several episodes of oxygen desaturations. Hemoglobin electrophoresis was significant for elevated levels of HgbS and C. Hematology performed red blood cell exchange transfusion with a goal hemoglobin S and C combined percentage of <30%, meeting category II indications for red cell exchange per the current American Society for Apheresis 2013 guidelines. He continued to progress and was discharged home on post-op Day 8 with total bilirubin 4.1 mg/dl, normal transaminases, stable hematocrit 30% and normal renal function. He was seen in clinic 4 weeks post-op with total bilirubin 1.0 mg/dl and a cholangiogram showing no evidence of leak or stricture (Fig. ). The cholangiogram catheter was removed and the patient was discharged from clinic."
20260902T001108-5476a462,5597859-1,seeded:19,36,Fever,False,y,,"""temperature"" (num; the pipeline converts to degC) - Highest documented body temperature.",The fortuitous repair of a common bile duct injury following placement of a percutaneous transhepatic cholangiogram catheter,"The patient is a 46-year-old male with history of sickle cell disease that presented to an outside hospital with abdominal pain and was diagnosed with acute cholecystitis. LC was performed and the patient was discharged home on the same day of surgery. He presented back to the original hospital on the same day of discharge with worsening abdominal pain, abnormal liver function studies, and imaging suggesting common bile duct transection. He was transferred to a neighboring hospital where he had an attempted and aborted endoscopic retrograde cholangiopancreatogram (ERCP). The patient was then transferred to our facility for management. Upon arrival, the patient was in severe respiratory distress consistent with sickle cell crisis, sinus tachycardia with heart rate 156, blood pressure 173/87, pulse oximetry 92% with high flow nasal cannula at 30 l/min. He was transferred immediately to the intensive care unit for management.
Hematology was consulted to assist with the management of the patient’s sickle cell disease. Laboratory workup was significant for total bilirubin 15.1 mg/dl, creatinine 1.1 mg/dl, AST 150 U/l (normal < 40 U/l), ALT 434 U/l (normal 58 U/l), Alkaline phosphatase 175 U/l (normal < 117 U/l), White blood cells 15.3 × 10^3/cm2, hematocrit 26%, hemoglobin 9.1 g/dl, platelets 216 × 10^3/cm2, INR 1.5.
A computed tomography (CT) angiogram of the abdomen was significant for multifocal pneumonia and free peritoneal fluid. Chest CT was negative for pulmonary embolism (Figs , ). Repeat ERCP confirmed a wide-open distal common bile duct at the level of multiple surgical clips with inability to pass a wire distally (Fig. ). Interventional radiology was consulted to obtain a percutaneous transhepatic cholangiography (PTC) prior to definitive surgical repair.
The PTC study confirmed the presence of a completely transected duct, and, fortunately, the ductal injury was traversed with a wire with entry into the distal ductal orifice and into the duodenum (Figs –). Following the procedure, the patient was taken directly to the operating room for open surgical repair.
The patient had over 2 l of bilious fluid consistent with bile peritonitis. The portal dissection was performed identifying ~2 cm of exposed PTC catheter exiting the proximal hepatic hilum and entering the distal common bile duct. The remainder of the common bile duct had either necrosed or was resected with the gallbladder (Fig. ). Multiple surgical clips were removed, identifying the cystic artery as well as the preserved right and left hepatic arteries.
The PTC catheter was pulled from the distal common bile duct and the orifice was closed using 3-0 prolene sutures. A retrocolic Roux-en-Y hepaticojejunostomy was performed with interrupted 5-0 PDS sutures after placing the PTC catheter into the roux limb. A drain was placed under the repair, the abdomen was closed, and the patient was transferred back to the ICU with the PTC catheter placed to gravity drainage.
The patient was extubated post-operative Day 1. He experienced several episodes of oxygen desaturations. Hemoglobin electrophoresis was significant for elevated levels of HgbS and C. Hematology performed red blood cell exchange transfusion with a goal hemoglobin S and C combined percentage of <30%, meeting category II indications for red cell exchange per the current American Society for Apheresis 2013 guidelines. He continued to progress and was discharged home on post-op Day 8 with total bilirubin 4.1 mg/dl, normal transaminases, stable hematocrit 30% and normal renal function. He was seen in clinic 4 weeks post-op with total bilirubin 1.0 mg/dl and a cholangiogram showing no evidence of leak or stricture (Fig. ). The cholangiogram catheter was removed and the patient was discharged from clinic."
20260902T001108-5476a462,5830313-1,seeded:28,19,Acute Kidney Injury (AKI),False,y,,"""death_attributed"" (bool) - The patient died and the note attributes the death to THIS outcome. | ""creatinine_x_baseline"" (num; the pipeline converts to ratio) - Serum creatinine as a multiple of the patient's baseline (1.5 means 1.5x baseline). | ""creatinine"" (num; the pipeline converts to mg/dL) - Serum creatinine. | ""egfr"" (num; the pipeline converts to mL/min/1.73m2) - Estimated glomerular filtration rate. | ""esrd_progression"" (bool) - The AKI progressed to permanent end-stage renal disease. | ""patient_age"" (num; the pipeline converts to years) - Patient age at this encounter, in years. Required before grading 06, 19, 25, 26, 42, 53; grading returns `cannot grade: age unknown` without it. | ""renal_replacement"" (bool) - Renal replacement therapy given: haemodialysis, CRRT, haemofiltration, peritoneal dialysis. | ""creatinine_increase_mg_dl"" (num; the pipeline converts to mg/dL) - Absolute rise in serum creatinine within 48 hours.",Ischemic Colitis in Sickle Cell Disease: A Case Report of a Diagnostic Challenge,"A 28-year-old gentleman with a history of sickle cell disease (HbS) complicated by recurrent acute painful episodes, acute chest syndrome, and iron overload secondary to prophylactic chronic exchange transfusion therapy presented to the emergency department with abdominal pain, back pain, and diarrhea. The patient was previously admitted to the hospital twice within the month for similar symptoms with an unrevealing work-up, and his abdominal pain and diarrhea were thought secondary to adverse effects from the deferasirox he was receiving for chronic iron overload. On initial presentation of this admission, the patient was afebrile and hemodynamically stable but in moderate discomfort. His exam was significant for normal bowel sounds and a soft, nondistended, diffusely tender abdomen, particularly in the left lower quadrant, without guarding or rebound tenderness. Initial laboratory studies were significant for a white blood cell count of 22,500 with 90% neutrophils; otherwise, additional blood count and chemistry parameters were unchanged from the patient's baseline studies. Intravenous fluid hydration and patient-controlled analgesia (PCA) was initiated. On hospital day 2, the patient developed two episodes of bright red blood per rectum, a first reported occurrence per the patient; rectal exam was unrevealing. The patient was made “nothing by mouth” and the Gastrointestinal (GI) medicine team was consulted. A CT (computed tomography) of the abdomen and pelvis with oral and intravenous contrast was performed and demonstrated small focal diverticula at the splenic flexure. On hospital day 3, a flexible sigmoidoscopy was performed which revealed friable and erythematous mucosa, along with a decreased vascular pattern and ulcerated areas from the sigmoid to splenic flexure. Figures – illustrate the endoscopic findings from the flexible sigmoidoscopy. Biopsies of the descending colon demonstrated focal acute inflammation, mucosal hemorrhage, fibrin, and distorted crypts, consistent with ischemia. Based on the endoscopic and biopsy findings, the diagnosis of ischemic colitis was made. On hospital day 5, the patient received an exchange transfusion with successful reduction of serum HbS (hemoglobin S) from 42% to 12%. The patient's hematochezia and abdominal pain resolved on hospital day 6 and he was discharged with plans to increase exchange transfusion frequency from bimonthly to monthly, along with continuation of his previously discontinued deferasirox. The patient was subsequently admitted to the hospital for another vasoocclusive episode several weeks later but denied any recurrence of abdominal pain or hematochezia at that time."
20260902T001108-5476a462,5830313-1,seeded:28,48,Acute Chest Syndrome (ACS),False,y,,"""death_attributed"" (bool) - The patient died and the note attributes the death to THIS outcome. | ""resp_support"" (ord, one of: room_air, low_flow_o2, high_flow, niv_bipap_cpap, invasive_ventilation) - Maximum respiratory support given during the event. In notes this reads as: room_air = no supplemental oxygen; low_flow_o2 = nasal cannula, face mask, simple mask, up to about 6 L/min; high_flow = high-flow nasal cannula, HFNC, Optiflow, Airvo, venturi mask at high flow; niv_bipap_cpap = BiPAP, CPAP, non-invasive ventilation; invasive_ventilation = intubation, mechanical ventilation, ventilated via tracheostomy. | ""transfusion_type"" (ord, one of: none, simple, exchange) - Most intensive erythrocyte transfusion given for this event. In notes this reads as: none = no red cell transfusion; simple = top-up, packed red cells, straight transfusion; exchange = exchange transfusion, red cell exchange, erythrocytapheresis, manual or automated exchange. | ""fio2_pct"" (num; the pipeline converts to %) - Highest documented FiO2 as a percentage. Room air is 21. | ""life_support_other"" (bool) - Any other life-supporting treatment not covered by mechanical ventilation, vasopressors or renal replacement (e.g. ECMO). | ""renal_replacement"" (bool) - Renal replacement therapy given: haemodialysis, CRRT, haemofiltration, peritoneal dialysis. | ""vasopressors"" (bool) - Vasoactive or vasopressor infusion given (norepinephrine, epinephrine, dopamine, dobutamine, milrinone). | ""acs_other_support"" (bool) - Erythropoietin or any other supportive treatment for the ACS, other than antibiotics.",Ischemic Colitis in Sickle Cell Disease: A Case Report of a Diagnostic Challenge,"A 28-year-old gentleman with a history of sickle cell disease (HbS) complicated by recurrent acute painful episodes, acute chest syndrome, and iron overload secondary to prophylactic chronic exchange transfusion therapy presented to the emergency department with abdominal pain, back pain, and diarrhea. The patient was previously admitted to the hospital twice within the month for similar symptoms with an unrevealing work-up, and his abdominal pain and diarrhea were thought secondary to adverse effects from the deferasirox he was receiving for chronic iron overload. On initial presentation of this admission, the patient was afebrile and hemodynamically stable but in moderate discomfort. His exam was significant for normal bowel sounds and a soft, nondistended, diffusely tender abdomen, particularly in the left lower quadrant, without guarding or rebound tenderness. Initial laboratory studies were significant for a white blood cell count of 22,500 with 90% neutrophils; otherwise, additional blood count and chemistry parameters were unchanged from the patient's baseline studies. Intravenous fluid hydration and patient-controlled analgesia (PCA) was initiated. On hospital day 2, the patient developed two episodes of bright red blood per rectum, a first reported occurrence per the patient; rectal exam was unrevealing. The patient was made “nothing by mouth” and the Gastrointestinal (GI) medicine team was consulted. A CT (computed tomography) of the abdomen and pelvis with oral and intravenous contrast was performed and demonstrated small focal diverticula at the splenic flexure. On hospital day 3, a flexible sigmoidoscopy was performed which revealed friable and erythematous mucosa, along with a decreased vascular pattern and ulcerated areas from the sigmoid to splenic flexure. Figures – illustrate the endoscopic findings from the flexible sigmoidoscopy. Biopsies of the descending colon demonstrated focal acute inflammation, mucosal hemorrhage, fibrin, and distorted crypts, consistent with ischemia. Based on the endoscopic and biopsy findings, the diagnosis of ischemic colitis was made. On hospital day 5, the patient received an exchange transfusion with successful reduction of serum HbS (hemoglobin S) from 42% to 12%. The patient's hematochezia and abdominal pain resolved on hospital day 6 and he was discharged with plans to increase exchange transfusion frequency from bimonthly to monthly, along with continuation of his previously discontinued deferasirox. The patient was subsequently admitted to the hospital for another vasoocclusive episode several weeks later but denied any recurrence of abdominal pain or hematochezia at that time."
20260902T001108-5476a462,6124823-1,seeded:28,19,Acute Kidney Injury (AKI),False,y,,"""death_attributed"" (bool) - The patient died and the note attributes the death to THIS outcome. | ""creatinine_x_baseline"" (num; the pipeline converts to ratio) - Serum creatinine as a multiple of the patient's baseline (1.5 means 1.5x baseline). | ""creatinine"" (num; the pipeline converts to mg/dL) - Serum creatinine. | ""egfr"" (num; the pipeline converts to mL/min/1.73m2) - Estimated glomerular filtration rate. | ""esrd_progression"" (bool) - The AKI progressed to permanent end-stage renal disease. | ""patient_age"" (num; the pipeline converts to years) - Patient age at this encounter, in years. Required before grading 06, 19, 25, 26, 42, 53; grading returns `cannot grade: age unknown` without it. | ""renal_replacement"" (bool) - Renal replacement therapy given: haemodialysis, CRRT, haemofiltration, peritoneal dialysis. | ""creatinine_increase_mg_dl"" (num; the pipeline converts to mg/dL) - Absolute rise in serum creatinine within 48 hours.",Testicular infarction in a patient with sickle cell anemia: A case report,"A 29-year-old Caucasian man from East province of Saudi Arabia who’s known for homozygous sickle cell anemia admitted to the hospital with acute left scrotal pain and swelling for 1 week that did not respond to antibiotic. The patient had been in his usual health until 1 week before this admission when pain in the left testis developed. The pain started suddenly, progressive and was associated with intermittent fever (38.2) and progressive enlargement of the left scrotum. There was no history of trauma or lower urinary tract infections symptoms or hematuria or urethral discharge. 1 week before this admission, he presented to another health center for evaluation where he was diagnosed with urinary tract infection and managed as outpatient with a prescription for 7-day course of amoxicillin/clavulanate potassium. The SCA course of this patient was remarkable for recurrent vaso-occlusive crisis and splenectomy at the age of 13 years, but there were no complications such as acute chest syndrome, cerebrovascular accidents, or genitourinary complications. He is not known to have any other medical problems, and he is not on any medications currently apart from intermittent use of analgesics. His vaccinations are up to date. There is additional history for discontinuation of hydroxyurea 4 months ago for improving fertility. He was married and worked as a pharmacist. He did not smoke, drink alcohol, use illicit drugs, or any kind of herbs. He had a family history of diabetes mellitus and hypertension. On examination, the temperature was 37.1°C and pulse 100 beats/min; the other vital signs were normal. The height of the patient was 163 cm and his weight was 55 kg. Swollen, red, and tender left scrotum was present. The examination was otherwise normal. Ultrasound scrotum showed heterogeneous hypoechoic left testicle with no blood flow [].
Laboratory investigations showed white blood cells 40 (3.5–10.5 billion cells/L), hemoglobin 80 (135–170 g/L), mean corpuscular volume 80 (80–96 fl), platelets 1140 (150–450 billion/L), and reticulocytes 10.7%. Hemoglobin electrophoresis came out with hemoglobin S 79% and hemoglobin F 4.6%. Urine analysis was unremarkable. Conservative strategy has been followed with this patient. He received antibiotics (piperacillin/tazobactam 4.5 g IV q6 h), parenteral hydration, morphine, high-dose hydroxyurea (1000 mg oral daily), and aspirin (81 mg oral daily). There was no significant improvement of patient’s symptoms for 7 days. Repeated ultrasound confirmed aforementioned findings. The urologist decided to proceed with the left orchiectomy. Pathology resulted in extensive infarcted testicular tissue with marked acute inflammatory changes and focal hemorrhage of the testis."
20260902T001108-5476a462,7138422-1,holdout,19,Acute Kidney Injury (AKI),False,y,,"""death_attributed"" (bool) - The patient died and the note attributes the death to THIS outcome. | ""creatinine_x_baseline"" (num; the pipeline converts to ratio) - Serum creatinine as a multiple of the patient's baseline (1.5 means 1.5x baseline). | ""creatinine"" (num; the pipeline converts to mg/dL) - Serum creatinine. | ""egfr"" (num; the pipeline converts to mL/min/1.73m2) - Estimated glomerular filtration rate. | ""esrd_progression"" (bool) - The AKI progressed to permanent end-stage renal disease. | ""patient_age"" (num; the pipeline converts to years) - Patient age at this encounter, in years. Required before grading 06, 19, 25, 26, 42, 53; grading returns `cannot grade: age unknown` without it. | ""renal_replacement"" (bool) - Renal replacement therapy given: haemodialysis, CRRT, haemofiltration, peritoneal dialysis. | ""creatinine_increase_mg_dl"" (num; the pipeline converts to mg/dL) - Absolute rise in serum creatinine within 48 hours.",Asymptomatic Hepatic Sequestration with Extreme Hyperbilirubinemia in an Adult Homozygous Sickle Cell Patient,"We present a case of a 26-year-old African American male homozygous for sickle cell anemia, who underwent a cholecystectomy and splenectomy 20 years ago secondary to splenic sequestration. He presented to the clinic with concern of being “slightly jaundiced” for one day. After extensive research, we found that our case is unique in two aspects. No case has ever been documented for an asymptomatic patient with acute hepatic sequestration, or hyperbilirubinemia levels as high as 41 mg/dl in an adult patient. Only significant findings were mild jaundice with reticulocytosis, and hyperbilirubinemia of 39 mg/dl, of which 25 mg/dl was the direct bilirubin fraction. The abdominal ultrasound showed an enlarged liver measuring 18.2 cm (Figure ).
The patient was then started on intravenous fluids, subsequently total bilirubin increased to 41 mg/dl, with direct bilirubin fraction of 35 mg/dl which then plateaued at 41 mg/dl. The patient’s hyperbilirubinemia continued to increase which prompted the initiation of a full exchange transfusion of his red blood cells on the third day of hospitalization. The patient’s total bilirubin decreased to 16.2, and he remained asymptomatic the following three days. Despite the above interventions, there was only a minimal amount of decrease in bilirubin levels, hence, we conducted a magnetic resonance cholangiopancreatography (MRCP). The study showed hepatomegaly and hypointensity of the hepatic parenchyma suggesting iron overload and noncompliance with his iron chelation medicine. Intra and extrahepatic biliary ductal dilatation were also noted on his MRCP, and gastroenterology was consulted (Figure ).
It should be noted that magnetic resonance imaging (MRI) of the abdomen was done three years earlier and the patient did not show any biliary dilatation. Gastroenterology (GI) recommended an extensive workup that returned normal. This included the following labs: hepatitis B surface antibody, hepatitis B surface antigen, hepatitis B core antibody (immunoglobulin (Ig) M and IgG), hepatitis C antibody and reflex to polymerase chain reaction (PCR), hepatitis A IgM and IgG. Antinuclear antibody (ANA), human immunodeficiency virus (HIV), cytomegalovirus (CMV), herpes simplex virus (HSV), total Immunoglobulins levels, ceruloplasmin, alpha-1-antitrypsin, anti-mitochondrial antibody, anti-smooth muscle antibody, and anti-liver-kidney microsome antibody (LKMA) were all negative. Eventually, the patient’s total bilirubin decreased to 6.8 with a direct bilirubin fraction of 6. Upon discharge, the patient was educated on the importance of being compliant with his treatment and keeping a close follow up with hematology/oncology and gastroenterology."
20260902T001108-5476a462,7138422-1,holdout,28,Acute Sickle Cell Pain Episode,False,y,,"""death_attributed"" (bool) - The patient died and the note attributes the death to THIS outcome. | ""pain_co_complication"" (bool) - The pain episode was complicated by organ failure, acute chest syndrome, respiratory distress, DVT, PE, stroke, splenic sequestration, or hyperhaemolysis. | ""life_support_other"" (bool) - Any other life-supporting treatment not covered by mechanical ventilation, vasopressors or renal replacement (e.g. ECMO). | ""renal_replacement"" (bool) - Renal replacement therapy given: haemodialysis, CRRT, haemofiltration, peritoneal dialysis. | ""resp_support"" (ord, one of: room_air, low_flow_o2, high_flow, niv_bipap_cpap, invasive_ventilation) - Maximum respiratory support given during the event. In notes this reads as: room_air = no supplemental oxygen; low_flow_o2 = nasal cannula, face mask, simple mask, up to about 6 L/min; high_flow = high-flow nasal cannula, HFNC, Optiflow, Airvo, venturi mask at high flow; niv_bipap_cpap = BiPAP, CPAP, non-invasive ventilation; invasive_ventilation = intubation, mechanical ventilation, ventilated via tracheostomy. | ""vasopressors"" (bool) - Vasoactive or vasopressor infusion given (norepinephrine, epinephrine, dopamine, dobutamine, milrinone). | ""care_setting"" (ord, one of: home, clinic_or_day_hospital, ed_treat_release, inpatient, icu) - Highest level of care this event actually reached. `home` = managed without a facility visit; `ed_treat_release` = seen and discharged; `inpatient` = admitted; `icu` = critical care. In notes this reads as: home = managed without a facility visit; clinic_or_day_hospital = outpatient clinic, day unit, infusion centre; ed_treat_release = seen in the emergency department and discharged; inpatient = admitted to a ward; icu = intensive care, critical care, HDU.",Asymptomatic Hepatic Sequestration with Extreme Hyperbilirubinemia in an Adult Homozygous Sickle Cell Patient,"We present a case of a 26-year-old African American male homozygous for sickle cell anemia, who underwent a cholecystectomy and splenectomy 20 years ago secondary to splenic sequestration. He presented to the clinic with concern of being “slightly jaundiced” for one day. After extensive research, we found that our case is unique in two aspects. No case has ever been documented for an asymptomatic patient with acute hepatic sequestration, or hyperbilirubinemia levels as high as 41 mg/dl in an adult patient. Only significant findings were mild jaundice with reticulocytosis, and hyperbilirubinemia of 39 mg/dl, of which 25 mg/dl was the direct bilirubin fraction. The abdominal ultrasound showed an enlarged liver measuring 18.2 cm (Figure ).
The patient was then started on intravenous fluids, subsequently total bilirubin increased to 41 mg/dl, with direct bilirubin fraction of 35 mg/dl which then plateaued at 41 mg/dl. The patient’s hyperbilirubinemia continued to increase which prompted the initiation of a full exchange transfusion of his red blood cells on the third day of hospitalization. The patient’s total bilirubin decreased to 16.2, and he remained asymptomatic the following three days. Despite the above interventions, there was only a minimal amount of decrease in bilirubin levels, hence, we conducted a magnetic resonance cholangiopancreatography (MRCP). The study showed hepatomegaly and hypointensity of the hepatic parenchyma suggesting iron overload and noncompliance with his iron chelation medicine. Intra and extrahepatic biliary ductal dilatation were also noted on his MRCP, and gastroenterology was consulted (Figure ).
It should be noted that magnetic resonance imaging (MRI) of the abdomen was done three years earlier and the patient did not show any biliary dilatation. Gastroenterology (GI) recommended an extensive workup that returned normal. This included the following labs: hepatitis B surface antibody, hepatitis B surface antigen, hepatitis B core antibody (immunoglobulin (Ig) M and IgG), hepatitis C antibody and reflex to polymerase chain reaction (PCR), hepatitis A IgM and IgG. Antinuclear antibody (ANA), human immunodeficiency virus (HIV), cytomegalovirus (CMV), herpes simplex virus (HSV), total Immunoglobulins levels, ceruloplasmin, alpha-1-antitrypsin, anti-mitochondrial antibody, anti-smooth muscle antibody, and anti-liver-kidney microsome antibody (LKMA) were all negative. Eventually, the patient’s total bilirubin decreased to 6.8 with a direct bilirubin fraction of 6. Upon discharge, the patient was educated on the importance of being compliant with his treatment and keeping a close follow up with hematology/oncology and gastroenterology."
20260902T001108-5476a462,7138422-1,holdout,36,Fever,False,y,,"""temperature"" (num; the pipeline converts to degC) - Highest documented body temperature.",Asymptomatic Hepatic Sequestration with Extreme Hyperbilirubinemia in an Adult Homozygous Sickle Cell Patient,"We present a case of a 26-year-old African American male homozygous for sickle cell anemia, who underwent a cholecystectomy and splenectomy 20 years ago secondary to splenic sequestration. He presented to the clinic with concern of being “slightly jaundiced” for one day. After extensive research, we found that our case is unique in two aspects. No case has ever been documented for an asymptomatic patient with acute hepatic sequestration, or hyperbilirubinemia levels as high as 41 mg/dl in an adult patient. Only significant findings were mild jaundice with reticulocytosis, and hyperbilirubinemia of 39 mg/dl, of which 25 mg/dl was the direct bilirubin fraction. The abdominal ultrasound showed an enlarged liver measuring 18.2 cm (Figure ).
The patient was then started on intravenous fluids, subsequently total bilirubin increased to 41 mg/dl, with direct bilirubin fraction of 35 mg/dl which then plateaued at 41 mg/dl. The patient’s hyperbilirubinemia continued to increase which prompted the initiation of a full exchange transfusion of his red blood cells on the third day of hospitalization. The patient’s total bilirubin decreased to 16.2, and he remained asymptomatic the following three days. Despite the above interventions, there was only a minimal amount of decrease in bilirubin levels, hence, we conducted a magnetic resonance cholangiopancreatography (MRCP). The study showed hepatomegaly and hypointensity of the hepatic parenchyma suggesting iron overload and noncompliance with his iron chelation medicine. Intra and extrahepatic biliary ductal dilatation were also noted on his MRCP, and gastroenterology was consulted (Figure ).
It should be noted that magnetic resonance imaging (MRI) of the abdomen was done three years earlier and the patient did not show any biliary dilatation. Gastroenterology (GI) recommended an extensive workup that returned normal. This included the following labs: hepatitis B surface antibody, hepatitis B surface antigen, hepatitis B core antibody (immunoglobulin (Ig) M and IgG), hepatitis C antibody and reflex to polymerase chain reaction (PCR), hepatitis A IgM and IgG. Antinuclear antibody (ANA), human immunodeficiency virus (HIV), cytomegalovirus (CMV), herpes simplex virus (HSV), total Immunoglobulins levels, ceruloplasmin, alpha-1-antitrypsin, anti-mitochondrial antibody, anti-smooth muscle antibody, and anti-liver-kidney microsome antibody (LKMA) were all negative. Eventually, the patient’s total bilirubin decreased to 6.8 with a direct bilirubin fraction of 6. Upon discharge, the patient was educated on the importance of being compliant with his treatment and keeping a close follow up with hematology/oncology and gastroenterology."
20260902T001108-5476a462,7138422-1,holdout,48,Acute Chest Syndrome (ACS),False,y,,"""death_attributed"" (bool) - The patient died and the note attributes the death to THIS outcome. | ""resp_support"" (ord, one of: room_air, low_flow_o2, high_flow, niv_bipap_cpap, invasive_ventilation) - Maximum respiratory support given during the event. In notes this reads as: room_air = no supplemental oxygen; low_flow_o2 = nasal cannula, face mask, simple mask, up to about 6 L/min; high_flow = high-flow nasal cannula, HFNC, Optiflow, Airvo, venturi mask at high flow; niv_bipap_cpap = BiPAP, CPAP, non-invasive ventilation; invasive_ventilation = intubation, mechanical ventilation, ventilated via tracheostomy. | ""transfusion_type"" (ord, one of: none, simple, exchange) - Most intensive erythrocyte transfusion given for this event. In notes this reads as: none = no red cell transfusion; simple = top-up, packed red cells, straight transfusion; exchange = exchange transfusion, red cell exchange, erythrocytapheresis, manual or automated exchange. | ""fio2_pct"" (num; the pipeline converts to %) - Highest documented FiO2 as a percentage. Room air is 21. | ""life_support_other"" (bool) - Any other life-supporting treatment not covered by mechanical ventilation, vasopressors or renal replacement (e.g. ECMO). | ""renal_replacement"" (bool) - Renal replacement therapy given: haemodialysis, CRRT, haemofiltration, peritoneal dialysis. | ""vasopressors"" (bool) - Vasoactive or vasopressor infusion given (norepinephrine, epinephrine, dopamine, dobutamine, milrinone). | ""acs_other_support"" (bool) - Erythropoietin or any other supportive treatment for the ACS, other than antibiotics.",Asymptomatic Hepatic Sequestration with Extreme Hyperbilirubinemia in an Adult Homozygous Sickle Cell Patient,"We present a case of a 26-year-old African American male homozygous for sickle cell anemia, who underwent a cholecystectomy and splenectomy 20 years ago secondary to splenic sequestration. He presented to the clinic with concern of being “slightly jaundiced” for one day. After extensive research, we found that our case is unique in two aspects. No case has ever been documented for an asymptomatic patient with acute hepatic sequestration, or hyperbilirubinemia levels as high as 41 mg/dl in an adult patient. Only significant findings were mild jaundice with reticulocytosis, and hyperbilirubinemia of 39 mg/dl, of which 25 mg/dl was the direct bilirubin fraction. The abdominal ultrasound showed an enlarged liver measuring 18.2 cm (Figure ).
The patient was then started on intravenous fluids, subsequently total bilirubin increased to 41 mg/dl, with direct bilirubin fraction of 35 mg/dl which then plateaued at 41 mg/dl. The patient’s hyperbilirubinemia continued to increase which prompted the initiation of a full exchange transfusion of his red blood cells on the third day of hospitalization. The patient’s total bilirubin decreased to 16.2, and he remained asymptomatic the following three days. Despite the above interventions, there was only a minimal amount of decrease in bilirubin levels, hence, we conducted a magnetic resonance cholangiopancreatography (MRCP). The study showed hepatomegaly and hypointensity of the hepatic parenchyma suggesting iron overload and noncompliance with his iron chelation medicine. Intra and extrahepatic biliary ductal dilatation were also noted on his MRCP, and gastroenterology was consulted (Figure ).
It should be noted that magnetic resonance imaging (MRI) of the abdomen was done three years earlier and the patient did not show any biliary dilatation. Gastroenterology (GI) recommended an extensive workup that returned normal. This included the following labs: hepatitis B surface antibody, hepatitis B surface antigen, hepatitis B core antibody (immunoglobulin (Ig) M and IgG), hepatitis C antibody and reflex to polymerase chain reaction (PCR), hepatitis A IgM and IgG. Antinuclear antibody (ANA), human immunodeficiency virus (HIV), cytomegalovirus (CMV), herpes simplex virus (HSV), total Immunoglobulins levels, ceruloplasmin, alpha-1-antitrypsin, anti-mitochondrial antibody, anti-smooth muscle antibody, and anti-liver-kidney microsome antibody (LKMA) were all negative. Eventually, the patient’s total bilirubin decreased to 6.8 with a direct bilirubin fraction of 6. Upon discharge, the patient was educated on the importance of being compliant with his treatment and keeping a close follow up with hematology/oncology and gastroenterology."
20260902T001108-5476a462,7361785-1,seeded:36,19,Acute Kidney Injury (AKI),False,y,,"""death_attributed"" (bool) - The patient died and the note attributes the death to THIS outcome. | ""creatinine_x_baseline"" (num; the pipeline converts to ratio) - Serum creatinine as a multiple of the patient's baseline (1.5 means 1.5x baseline). | ""creatinine"" (num; the pipeline converts to mg/dL) - Serum creatinine. | ""egfr"" (num; the pipeline converts to mL/min/1.73m2) - Estimated glomerular filtration rate. | ""esrd_progression"" (bool) - The AKI progressed to permanent end-stage renal disease. | ""patient_age"" (num; the pipeline converts to years) - Patient age at this encounter, in years. Required before grading 06, 19, 25, 26, 42, 53; grading returns `cannot grade: age unknown` without it. | ""renal_replacement"" (bool) - Renal replacement therapy given: haemodialysis, CRRT, haemofiltration, peritoneal dialysis. | ""creatinine_increase_mg_dl"" (num; the pipeline converts to mg/dL) - Absolute rise in serum creatinine within 48 hours.",Clinical management of a Nigerian patient affected by sickle cell disease with rare blood group and persistent SARS-CoV-2 positivity,"This article describes the case of a SARS-CoV-2 infection in an 18-year old female Nigerian homozygous sickle cell disease (SCD) patient with the expression of a rare blood group phenotype. The patient is the first-born daughter of two sickle cell trait (SCT) carriers who have settled in Italy from Nigeria.
On March 6, 2020, the patient self-presented to the emergency department (ED) of the Arcispedale Santa Maria Nuova (ASMN) of Reggio Emilia for high grade fever (body temperature > 39°C) and headache persisting for the past 24 h.
Upon physical examination, the patient had a body temperature of 37°C and normal oxygen saturation (SpO2 = 98%) in ambient air. Chest CT scan highlighted superior right lobe parenchymal thickening with minimal bronchial aerograms and three confined small areas (largest diameter < 26 mm) of ground glass opacities. No pleural effusion was detected.
Considering that by March 2020, the Italian health system was struggling with the implementation of a harmonized national public health strategy for the containment of the COVID-19 outbreak, testing for SARS-CoV-2 was not performed, and, given her mildly symptomatic status, the patient was discharged with Azithromycin 500 mg/day for 6 days and paracetamol for fever and pain relief. The patient was instructed about distancing measures from the rest of her family and home-quarantine.
The patient was previously known at the ASMN Hematology department for her homozygous SCD status with a blood group (BG) B Rh positive, and a rare phenotype characterized by: ccDee (Rh System); kk (Kell System); Fya-b- (Duffy system); Jka+b- (Kidd system); M+N-S-s- (MNS system); Cw- (Cw system); Le a-b- (Lewis system); Lu a-b+ (Lutheran system); Kp a-b- (Kp system). Patients of African descent with rare blood types may face difficulties when in need of chronic transfusions, because of scarcely available fully compatible blood products since certain antigens are very rare in the Caucasian population.[] If blood units are transfused within different ethnic backgrounds there is a higher risk of developing red blood cell (RBC) alloantibodies, which represents a severe complication for proper management of SCD patients.
The past medical history of our patient was notable for a SCD related episode of a vaso-occlusive crisis (VOC) in 2014 and left elbow joint effusion in 2017. In 2018, the patient suffered from acute intrahepatic cholestasis which resolved spontaneously, and since then, also in consideration of her rare BG, the patient was started on hydroxyurea (HU) prophylaxis (10 mg/kg/day for 5 days a week and 15 mg/kg/day on weekends). Past history for Acute Chest Syndrome (ACS) was negative.
On March 17th, the patient presented again to the ED for chest pain and was admitted to the short stay observation unit (SSOU) for 24 h. Electrocardiogram (EKG) was unremarkable and cardiac troponin dosing was negative. Pain management required i.v. antalgic therapy. Naso- and oro-pharyngeal swabs were obtained, and SARS-CoV-2 positivity was confirmed by real-time reverse-transcription–polymerase-chain-reaction (RT-PCR).
Laboratory blood tests revealed mild anemia (hemoglobin (Hb) of 8.8 g/dL, hematocrit 27.5%, mean corpuscular volume (MCV) 97 fl), and a platelet count of (PLT) 1217 × 1000/μL. White blood cell (WBC) count of 4.76 × 1000/μL with an absolute lymphocyte count of 1990/μL. Renal function and liver enzymes were within normal values, although LDH was not tested. Inflammatory profile revealed low C-reactive protein (0.27 mg/dL; normal range 0.00-0.50 mg/dL) and elevated D-dimer (1454 ng/mL; normal range 10-500 ng/mL).
In the absence of cough, fever, and respiratory distress (SoPO2 = 98%), ACS was likely excluded also in consideration that radiographic evidence of pulmonary infiltrates was already evident much earlier (>48 h) than the onset of chest pain. HbS dosing was not performed because it is not among the routine emergency examinations. The patient was discharged with the advice to continue home self-isolation and clinical follow up was maintained through frequent phone calls. During the first phase of COVID-19 outbreak, mildly symptomatic patients were more preferably cared for at home, rather than admitted to overwhelmed hospitals.
The patient tested again positive for SARS-CoV-2 on two occasions (March 31 and April 18, 2020) and a follow-up chest CT scan (April 18, 2020) confirmed the persistence of a superior right lobe parenchymal consolidation.
On April 20, 2020 (47 days from symptoms’ onset), due to the enduring SARS-CoV-2 positivity along with radiological abnormalities at chest CT scan, the patient was admitted to the internal medicine department. The pulmonary consolidation was interpreted as a consequence of SARS-CoV-2 infection and subcutaneous heparin at therapeutic dose (4000 UI/sQ b.i.d.) was initiated [], along with IV ceftriaxone therapy (2 g). Urine legionella and pneumococcal antigen tests resulted negative. Normal plasma IL-6 levels (0.0-7.0 pg/mL), slightly increased lactate dehydrogenase (LDH) values (495 U/L; normal range 208-378 U/L), and normal C-reactive protein (0.19 mg/L) were reported. Oxygen therapy was not needed as the patient maintained SpO2 = 98% and pO2/FiO2 = 472 mm Hg at arterial blood gas (ABG) analysis in ambient air.
On day 3 of hospitalization, laboratory tests evidenced systemic hemolysis with a 1 g/dL decrease in hemoglobin in 48 h, and Hb-S fraction of 75.5%. Tramadol (100 mg/i.v./b.i.d.) was substituted with continuous intravenous morphine (30 mg/i.v.) for pain control and a single unit of packed red blood cell (PRBC) (O Rh negative, ccdee) was transfused to dilute the HbS level. No transfusion related adverse events were recorded and HbS decreased to 62.5%.
On day 4, the patient experienced worsening uncontrolled pain crisis (Numeric Rating Scale[] = 8) that required adjusting the intravenous morphine dose (40 mg/i.v./24 h) and HU therapy was increased to 20 mg/kg/day. On the same day, a first negative SARS-CoV-2 RT-PCR was obtained, although the second confirmatory test (on April 26th) turned out positive.
On day 5, due to a plummeting platelet count (<50 000/μL) heparin was suspended. To exclude heparin-induced thrombocytopenia (HIT), fondaparinux therapy was initiated and anti-platelet factor 4 (PF4)/heparin antibodies tested negative. The patient's vital signs remained unremarkable. Hb level increased to 9 g/dL, and no alterations in hepato-renal function and cardiac enzymes were evidenced, despite a persistently elevated D-dimer (1077 ng/mL).
On day 8, the patient's continuous i.v. morphine dose was increased (50 mg/i.v., continuous infusion) for uncontrolled pain.
On May 1, 2020, a second blood transfusion was attempted (O Rh positive, ccDee) but had to be interrupted due to transfusion related adverse events (dizziness and general malaise).
On day 13 from hospitalization, the patient referred a reduction in perceived pain (NRS = 5) and morphine was reduced (30 mg/i.v.). Further investigations with an extensive infectious panel was undertaken for the pulmonary consolidation and CMV-DNA, β-d-glucan, Parvo B19 IgM/IgG, QuantiFERON, all tested negative.
On May 6, 2020, after two consecutive negative SARS-CoV-2 swabs, the patient was discharged with a Hb of 9.5 g/dL, HbS of 61.9% (last measured on April 24, 2020), increased PLT count (792 000/μL), normal hepato-renal function, and controlled pain intensity (NRS < 5); in consideration of the patient's poor compliance with self-administration of subcutaneous heparin, she was started on 100 mg/day acetylsalicylic acid.
Of the patient's five near family members, initially only the 52-years-old father, carrier of SCT, was diagnosed positive for COVID-19 with fever (38°C) and no cough or dyspnea. Chest X-ray and CT scan revealed findings suggestive of COVID-19-induced pneumonia. Oral hydroxychloroquine (HCQ) home treatment was prescribed at a dosage of 400 mg/b.i.d. for the first day and 200 mg/b.i.d. for the following 4 days. Sixteen days later, despite being asymptomatic since treatment onset, the patient still tested positive for SARS-CoV-2 and achieved negativity only after 32 days from diagnosis. Eventually, also the 49-years-old mother, also carrier of SCT, tested positive for SARS-CoV-2 but remained asymptomatic."
20260902T001108-5476a462,7361785-1,seeded:36,28,Acute Sickle Cell Pain Episode,False,n,Pain crisis NRS=8 on day 4 requiring IV morphine escalation; also VOC history,"""death_attributed"" (bool) - The patient died and the note attributes the death to THIS outcome. | ""pain_co_complication"" (bool) - The pain episode was complicated by organ failure, acute chest syndrome, respiratory distress, DVT, PE, stroke, splenic sequestration, or hyperhaemolysis. | ""life_support_other"" (bool) - Any other life-supporting treatment not covered by mechanical ventilation, vasopressors or renal replacement (e.g. ECMO). | ""renal_replacement"" (bool) - Renal replacement therapy given: haemodialysis, CRRT, haemofiltration, peritoneal dialysis. | ""resp_support"" (ord, one of: room_air, low_flow_o2, high_flow, niv_bipap_cpap, invasive_ventilation) - Maximum respiratory support given during the event. In notes this reads as: room_air = no supplemental oxygen; low_flow_o2 = nasal cannula, face mask, simple mask, up to about 6 L/min; high_flow = high-flow nasal cannula, HFNC, Optiflow, Airvo, venturi mask at high flow; niv_bipap_cpap = BiPAP, CPAP, non-invasive ventilation; invasive_ventilation = intubation, mechanical ventilation, ventilated via tracheostomy. | ""vasopressors"" (bool) - Vasoactive or vasopressor infusion given (norepinephrine, epinephrine, dopamine, dobutamine, milrinone). | ""care_setting"" (ord, one of: home, clinic_or_day_hospital, ed_treat_release, inpatient, icu) - Highest level of care this event actually reached. `home` = managed without a facility visit; `ed_treat_release` = seen and discharged; `inpatient` = admitted; `icu` = critical care. In notes this reads as: home = managed without a facility visit; clinic_or_day_hospital = outpatient clinic, day unit, infusion centre; ed_treat_release = seen in the emergency department and discharged; inpatient = admitted to a ward; icu = intensive care, critical care, HDU.",Clinical management of a Nigerian patient affected by sickle cell disease with rare blood group and persistent SARS-CoV-2 positivity,"This article describes the case of a SARS-CoV-2 infection in an 18-year old female Nigerian homozygous sickle cell disease (SCD) patient with the expression of a rare blood group phenotype. The patient is the first-born daughter of two sickle cell trait (SCT) carriers who have settled in Italy from Nigeria.
On March 6, 2020, the patient self-presented to the emergency department (ED) of the Arcispedale Santa Maria Nuova (ASMN) of Reggio Emilia for high grade fever (body temperature > 39°C) and headache persisting for the past 24 h.
Upon physical examination, the patient had a body temperature of 37°C and normal oxygen saturation (SpO2 = 98%) in ambient air. Chest CT scan highlighted superior right lobe parenchymal thickening with minimal bronchial aerograms and three confined small areas (largest diameter < 26 mm) of ground glass opacities. No pleural effusion was detected.
Considering that by March 2020, the Italian health system was struggling with the implementation of a harmonized national public health strategy for the containment of the COVID-19 outbreak, testing for SARS-CoV-2 was not performed, and, given her mildly symptomatic status, the patient was discharged with Azithromycin 500 mg/day for 6 days and paracetamol for fever and pain relief. The patient was instructed about distancing measures from the rest of her family and home-quarantine.
The patient was previously known at the ASMN Hematology department for her homozygous SCD status with a blood group (BG) B Rh positive, and a rare phenotype characterized by: ccDee (Rh System); kk (Kell System); Fya-b- (Duffy system); Jka+b- (Kidd system); M+N-S-s- (MNS system); Cw- (Cw system); Le a-b- (Lewis system); Lu a-b+ (Lutheran system); Kp a-b- (Kp system). Patients of African descent with rare blood types may face difficulties when in need of chronic transfusions, because of scarcely available fully compatible blood products since certain antigens are very rare in the Caucasian population.[] If blood units are transfused within different ethnic backgrounds there is a higher risk of developing red blood cell (RBC) alloantibodies, which represents a severe complication for proper management of SCD patients.
The past medical history of our patient was notable for a SCD related episode of a vaso-occlusive crisis (VOC) in 2014 and left elbow joint effusion in 2017. In 2018, the patient suffered from acute intrahepatic cholestasis which resolved spontaneously, and since then, also in consideration of her rare BG, the patient was started on hydroxyurea (HU) prophylaxis (10 mg/kg/day for 5 days a week and 15 mg/kg/day on weekends). Past history for Acute Chest Syndrome (ACS) was negative.
On March 17th, the patient presented again to the ED for chest pain and was admitted to the short stay observation unit (SSOU) for 24 h. Electrocardiogram (EKG) was unremarkable and cardiac troponin dosing was negative. Pain management required i.v. antalgic therapy. Naso- and oro-pharyngeal swabs were obtained, and SARS-CoV-2 positivity was confirmed by real-time reverse-transcription–polymerase-chain-reaction (RT-PCR).
Laboratory blood tests revealed mild anemia (hemoglobin (Hb) of 8.8 g/dL, hematocrit 27.5%, mean corpuscular volume (MCV) 97 fl), and a platelet count of (PLT) 1217 × 1000/μL. White blood cell (WBC) count of 4.76 × 1000/μL with an absolute lymphocyte count of 1990/μL. Renal function and liver enzymes were within normal values, although LDH was not tested. Inflammatory profile revealed low C-reactive protein (0.27 mg/dL; normal range 0.00-0.50 mg/dL) and elevated D-dimer (1454 ng/mL; normal range 10-500 ng/mL).
In the absence of cough, fever, and respiratory distress (SoPO2 = 98%), ACS was likely excluded also in consideration that radiographic evidence of pulmonary infiltrates was already evident much earlier (>48 h) than the onset of chest pain. HbS dosing was not performed because it is not among the routine emergency examinations. The patient was discharged with the advice to continue home self-isolation and clinical follow up was maintained through frequent phone calls. During the first phase of COVID-19 outbreak, mildly symptomatic patients were more preferably cared for at home, rather than admitted to overwhelmed hospitals.
The patient tested again positive for SARS-CoV-2 on two occasions (March 31 and April 18, 2020) and a follow-up chest CT scan (April 18, 2020) confirmed the persistence of a superior right lobe parenchymal consolidation.
On April 20, 2020 (47 days from symptoms’ onset), due to the enduring SARS-CoV-2 positivity along with radiological abnormalities at chest CT scan, the patient was admitted to the internal medicine department. The pulmonary consolidation was interpreted as a consequence of SARS-CoV-2 infection and subcutaneous heparin at therapeutic dose (4000 UI/sQ b.i.d.) was initiated [], along with IV ceftriaxone therapy (2 g). Urine legionella and pneumococcal antigen tests resulted negative. Normal plasma IL-6 levels (0.0-7.0 pg/mL), slightly increased lactate dehydrogenase (LDH) values (495 U/L; normal range 208-378 U/L), and normal C-reactive protein (0.19 mg/L) were reported. Oxygen therapy was not needed as the patient maintained SpO2 = 98% and pO2/FiO2 = 472 mm Hg at arterial blood gas (ABG) analysis in ambient air.
On day 3 of hospitalization, laboratory tests evidenced systemic hemolysis with a 1 g/dL decrease in hemoglobin in 48 h, and Hb-S fraction of 75.5%. Tramadol (100 mg/i.v./b.i.d.) was substituted with continuous intravenous morphine (30 mg/i.v.) for pain control and a single unit of packed red blood cell (PRBC) (O Rh negative, ccdee) was transfused to dilute the HbS level. No transfusion related adverse events were recorded and HbS decreased to 62.5%.
On day 4, the patient experienced worsening uncontrolled pain crisis (Numeric Rating Scale[] = 8) that required adjusting the intravenous morphine dose (40 mg/i.v./24 h) and HU therapy was increased to 20 mg/kg/day. On the same day, a first negative SARS-CoV-2 RT-PCR was obtained, although the second confirmatory test (on April 26th) turned out positive.
On day 5, due to a plummeting platelet count (<50 000/μL) heparin was suspended. To exclude heparin-induced thrombocytopenia (HIT), fondaparinux therapy was initiated and anti-platelet factor 4 (PF4)/heparin antibodies tested negative. The patient's vital signs remained unremarkable. Hb level increased to 9 g/dL, and no alterations in hepato-renal function and cardiac enzymes were evidenced, despite a persistently elevated D-dimer (1077 ng/mL).
On day 8, the patient's continuous i.v. morphine dose was increased (50 mg/i.v., continuous infusion) for uncontrolled pain.
On May 1, 2020, a second blood transfusion was attempted (O Rh positive, ccDee) but had to be interrupted due to transfusion related adverse events (dizziness and general malaise).
On day 13 from hospitalization, the patient referred a reduction in perceived pain (NRS = 5) and morphine was reduced (30 mg/i.v.). Further investigations with an extensive infectious panel was undertaken for the pulmonary consolidation and CMV-DNA, β-d-glucan, Parvo B19 IgM/IgG, QuantiFERON, all tested negative.
On May 6, 2020, after two consecutive negative SARS-CoV-2 swabs, the patient was discharged with a Hb of 9.5 g/dL, HbS of 61.9% (last measured on April 24, 2020), increased PLT count (792 000/μL), normal hepato-renal function, and controlled pain intensity (NRS < 5); in consideration of the patient's poor compliance with self-administration of subcutaneous heparin, she was started on 100 mg/day acetylsalicylic acid.
Of the patient's five near family members, initially only the 52-years-old father, carrier of SCT, was diagnosed positive for COVID-19 with fever (38°C) and no cough or dyspnea. Chest X-ray and CT scan revealed findings suggestive of COVID-19-induced pneumonia. Oral hydroxychloroquine (HCQ) home treatment was prescribed at a dosage of 400 mg/b.i.d. for the first day and 200 mg/b.i.d. for the following 4 days. Sixteen days later, despite being asymptomatic since treatment onset, the patient still tested positive for SARS-CoV-2 and achieved negativity only after 32 days from diagnosis. Eventually, also the 49-years-old mother, also carrier of SCT, tested positive for SARS-CoV-2 but remained asymptomatic."
20260902T001108-5476a462,7361785-1,seeded:36,36,Fever,False,n,High grade fever >39°C reported on March 6 presentation,"""temperature"" (num; the pipeline converts to degC) - Highest documented body temperature.",Clinical management of a Nigerian patient affected by sickle cell disease with rare blood group and persistent SARS-CoV-2 positivity,"This article describes the case of a SARS-CoV-2 infection in an 18-year old female Nigerian homozygous sickle cell disease (SCD) patient with the expression of a rare blood group phenotype. The patient is the first-born daughter of two sickle cell trait (SCT) carriers who have settled in Italy from Nigeria.
On March 6, 2020, the patient self-presented to the emergency department (ED) of the Arcispedale Santa Maria Nuova (ASMN) of Reggio Emilia for high grade fever (body temperature > 39°C) and headache persisting for the past 24 h.
Upon physical examination, the patient had a body temperature of 37°C and normal oxygen saturation (SpO2 = 98%) in ambient air. Chest CT scan highlighted superior right lobe parenchymal thickening with minimal bronchial aerograms and three confined small areas (largest diameter < 26 mm) of ground glass opacities. No pleural effusion was detected.
Considering that by March 2020, the Italian health system was struggling with the implementation of a harmonized national public health strategy for the containment of the COVID-19 outbreak, testing for SARS-CoV-2 was not performed, and, given her mildly symptomatic status, the patient was discharged with Azithromycin 500 mg/day for 6 days and paracetamol for fever and pain relief. The patient was instructed about distancing measures from the rest of her family and home-quarantine.
The patient was previously known at the ASMN Hematology department for her homozygous SCD status with a blood group (BG) B Rh positive, and a rare phenotype characterized by: ccDee (Rh System); kk (Kell System); Fya-b- (Duffy system); Jka+b- (Kidd system); M+N-S-s- (MNS system); Cw- (Cw system); Le a-b- (Lewis system); Lu a-b+ (Lutheran system); Kp a-b- (Kp system). Patients of African descent with rare blood types may face difficulties when in need of chronic transfusions, because of scarcely available fully compatible blood products since certain antigens are very rare in the Caucasian population.[] If blood units are transfused within different ethnic backgrounds there is a higher risk of developing red blood cell (RBC) alloantibodies, which represents a severe complication for proper management of SCD patients.
The past medical history of our patient was notable for a SCD related episode of a vaso-occlusive crisis (VOC) in 2014 and left elbow joint effusion in 2017. In 2018, the patient suffered from acute intrahepatic cholestasis which resolved spontaneously, and since then, also in consideration of her rare BG, the patient was started on hydroxyurea (HU) prophylaxis (10 mg/kg/day for 5 days a week and 15 mg/kg/day on weekends). Past history for Acute Chest Syndrome (ACS) was negative.
On March 17th, the patient presented again to the ED for chest pain and was admitted to the short stay observation unit (SSOU) for 24 h. Electrocardiogram (EKG) was unremarkable and cardiac troponin dosing was negative. Pain management required i.v. antalgic therapy. Naso- and oro-pharyngeal swabs were obtained, and SARS-CoV-2 positivity was confirmed by real-time reverse-transcription–polymerase-chain-reaction (RT-PCR).
Laboratory blood tests revealed mild anemia (hemoglobin (Hb) of 8.8 g/dL, hematocrit 27.5%, mean corpuscular volume (MCV) 97 fl), and a platelet count of (PLT) 1217 × 1000/μL. White blood cell (WBC) count of 4.76 × 1000/μL with an absolute lymphocyte count of 1990/μL. Renal function and liver enzymes were within normal values, although LDH was not tested. Inflammatory profile revealed low C-reactive protein (0.27 mg/dL; normal range 0.00-0.50 mg/dL) and elevated D-dimer (1454 ng/mL; normal range 10-500 ng/mL).
In the absence of cough, fever, and respiratory distress (SoPO2 = 98%), ACS was likely excluded also in consideration that radiographic evidence of pulmonary infiltrates was already evident much earlier (>48 h) than the onset of chest pain. HbS dosing was not performed because it is not among the routine emergency examinations. The patient was discharged with the advice to continue home self-isolation and clinical follow up was maintained through frequent phone calls. During the first phase of COVID-19 outbreak, mildly symptomatic patients were more preferably cared for at home, rather than admitted to overwhelmed hospitals.
The patient tested again positive for SARS-CoV-2 on two occasions (March 31 and April 18, 2020) and a follow-up chest CT scan (April 18, 2020) confirmed the persistence of a superior right lobe parenchymal consolidation.
On April 20, 2020 (47 days from symptoms’ onset), due to the enduring SARS-CoV-2 positivity along with radiological abnormalities at chest CT scan, the patient was admitted to the internal medicine department. The pulmonary consolidation was interpreted as a consequence of SARS-CoV-2 infection and subcutaneous heparin at therapeutic dose (4000 UI/sQ b.i.d.) was initiated [], along with IV ceftriaxone therapy (2 g). Urine legionella and pneumococcal antigen tests resulted negative. Normal plasma IL-6 levels (0.0-7.0 pg/mL), slightly increased lactate dehydrogenase (LDH) values (495 U/L; normal range 208-378 U/L), and normal C-reactive protein (0.19 mg/L) were reported. Oxygen therapy was not needed as the patient maintained SpO2 = 98% and pO2/FiO2 = 472 mm Hg at arterial blood gas (ABG) analysis in ambient air.
On day 3 of hospitalization, laboratory tests evidenced systemic hemolysis with a 1 g/dL decrease in hemoglobin in 48 h, and Hb-S fraction of 75.5%. Tramadol (100 mg/i.v./b.i.d.) was substituted with continuous intravenous morphine (30 mg/i.v.) for pain control and a single unit of packed red blood cell (PRBC) (O Rh negative, ccdee) was transfused to dilute the HbS level. No transfusion related adverse events were recorded and HbS decreased to 62.5%.
On day 4, the patient experienced worsening uncontrolled pain crisis (Numeric Rating Scale[] = 8) that required adjusting the intravenous morphine dose (40 mg/i.v./24 h) and HU therapy was increased to 20 mg/kg/day. On the same day, a first negative SARS-CoV-2 RT-PCR was obtained, although the second confirmatory test (on April 26th) turned out positive.
On day 5, due to a plummeting platelet count (<50 000/μL) heparin was suspended. To exclude heparin-induced thrombocytopenia (HIT), fondaparinux therapy was initiated and anti-platelet factor 4 (PF4)/heparin antibodies tested negative. The patient's vital signs remained unremarkable. Hb level increased to 9 g/dL, and no alterations in hepato-renal function and cardiac enzymes were evidenced, despite a persistently elevated D-dimer (1077 ng/mL).
On day 8, the patient's continuous i.v. morphine dose was increased (50 mg/i.v., continuous infusion) for uncontrolled pain.
On May 1, 2020, a second blood transfusion was attempted (O Rh positive, ccDee) but had to be interrupted due to transfusion related adverse events (dizziness and general malaise).
On day 13 from hospitalization, the patient referred a reduction in perceived pain (NRS = 5) and morphine was reduced (30 mg/i.v.). Further investigations with an extensive infectious panel was undertaken for the pulmonary consolidation and CMV-DNA, β-d-glucan, Parvo B19 IgM/IgG, QuantiFERON, all tested negative.
On May 6, 2020, after two consecutive negative SARS-CoV-2 swabs, the patient was discharged with a Hb of 9.5 g/dL, HbS of 61.9% (last measured on April 24, 2020), increased PLT count (792 000/μL), normal hepato-renal function, and controlled pain intensity (NRS < 5); in consideration of the patient's poor compliance with self-administration of subcutaneous heparin, she was started on 100 mg/day acetylsalicylic acid.
Of the patient's five near family members, initially only the 52-years-old father, carrier of SCT, was diagnosed positive for COVID-19 with fever (38°C) and no cough or dyspnea. Chest X-ray and CT scan revealed findings suggestive of COVID-19-induced pneumonia. Oral hydroxychloroquine (HCQ) home treatment was prescribed at a dosage of 400 mg/b.i.d. for the first day and 200 mg/b.i.d. for the following 4 days. Sixteen days later, despite being asymptomatic since treatment onset, the patient still tested positive for SARS-CoV-2 and achieved negativity only after 32 days from diagnosis. Eventually, also the 49-years-old mother, also carrier of SCT, tested positive for SARS-CoV-2 but remained asymptomatic."
20260902T001108-5476a462,7361785-1,seeded:36,48,Acute Chest Syndrome (ACS),False,y,,"""death_attributed"" (bool) - The patient died and the note attributes the death to THIS outcome. | ""resp_support"" (ord, one of: room_air, low_flow_o2, high_flow, niv_bipap_cpap, invasive_ventilation) - Maximum respiratory support given during the event. In notes this reads as: room_air = no supplemental oxygen; low_flow_o2 = nasal cannula, face mask, simple mask, up to about 6 L/min; high_flow = high-flow nasal cannula, HFNC, Optiflow, Airvo, venturi mask at high flow; niv_bipap_cpap = BiPAP, CPAP, non-invasive ventilation; invasive_ventilation = intubation, mechanical ventilation, ventilated via tracheostomy. | ""transfusion_type"" (ord, one of: none, simple, exchange) - Most intensive erythrocyte transfusion given for this event. In notes this reads as: none = no red cell transfusion; simple = top-up, packed red cells, straight transfusion; exchange = exchange transfusion, red cell exchange, erythrocytapheresis, manual or automated exchange. | ""fio2_pct"" (num; the pipeline converts to %) - Highest documented FiO2 as a percentage. Room air is 21. | ""life_support_other"" (bool) - Any other life-supporting treatment not covered by mechanical ventilation, vasopressors or renal replacement (e.g. ECMO). | ""renal_replacement"" (bool) - Renal replacement therapy given: haemodialysis, CRRT, haemofiltration, peritoneal dialysis. | ""vasopressors"" (bool) - Vasoactive or vasopressor infusion given (norepinephrine, epinephrine, dopamine, dobutamine, milrinone). | ""acs_other_support"" (bool) - Erythropoietin or any other supportive treatment for the ACS, other than antibiotics.",Clinical management of a Nigerian patient affected by sickle cell disease with rare blood group and persistent SARS-CoV-2 positivity,"This article describes the case of a SARS-CoV-2 infection in an 18-year old female Nigerian homozygous sickle cell disease (SCD) patient with the expression of a rare blood group phenotype. The patient is the first-born daughter of two sickle cell trait (SCT) carriers who have settled in Italy from Nigeria.
On March 6, 2020, the patient self-presented to the emergency department (ED) of the Arcispedale Santa Maria Nuova (ASMN) of Reggio Emilia for high grade fever (body temperature > 39°C) and headache persisting for the past 24 h.
Upon physical examination, the patient had a body temperature of 37°C and normal oxygen saturation (SpO2 = 98%) in ambient air. Chest CT scan highlighted superior right lobe parenchymal thickening with minimal bronchial aerograms and three confined small areas (largest diameter < 26 mm) of ground glass opacities. No pleural effusion was detected.
Considering that by March 2020, the Italian health system was struggling with the implementation of a harmonized national public health strategy for the containment of the COVID-19 outbreak, testing for SARS-CoV-2 was not performed, and, given her mildly symptomatic status, the patient was discharged with Azithromycin 500 mg/day for 6 days and paracetamol for fever and pain relief. The patient was instructed about distancing measures from the rest of her family and home-quarantine.
The patient was previously known at the ASMN Hematology department for her homozygous SCD status with a blood group (BG) B Rh positive, and a rare phenotype characterized by: ccDee (Rh System); kk (Kell System); Fya-b- (Duffy system); Jka+b- (Kidd system); M+N-S-s- (MNS system); Cw- (Cw system); Le a-b- (Lewis system); Lu a-b+ (Lutheran system); Kp a-b- (Kp system). Patients of African descent with rare blood types may face difficulties when in need of chronic transfusions, because of scarcely available fully compatible blood products since certain antigens are very rare in the Caucasian population.[] If blood units are transfused within different ethnic backgrounds there is a higher risk of developing red blood cell (RBC) alloantibodies, which represents a severe complication for proper management of SCD patients.
The past medical history of our patient was notable for a SCD related episode of a vaso-occlusive crisis (VOC) in 2014 and left elbow joint effusion in 2017. In 2018, the patient suffered from acute intrahepatic cholestasis which resolved spontaneously, and since then, also in consideration of her rare BG, the patient was started on hydroxyurea (HU) prophylaxis (10 mg/kg/day for 5 days a week and 15 mg/kg/day on weekends). Past history for Acute Chest Syndrome (ACS) was negative.
On March 17th, the patient presented again to the ED for chest pain and was admitted to the short stay observation unit (SSOU) for 24 h. Electrocardiogram (EKG) was unremarkable and cardiac troponin dosing was negative. Pain management required i.v. antalgic therapy. Naso- and oro-pharyngeal swabs were obtained, and SARS-CoV-2 positivity was confirmed by real-time reverse-transcription–polymerase-chain-reaction (RT-PCR).
Laboratory blood tests revealed mild anemia (hemoglobin (Hb) of 8.8 g/dL, hematocrit 27.5%, mean corpuscular volume (MCV) 97 fl), and a platelet count of (PLT) 1217 × 1000/μL. White blood cell (WBC) count of 4.76 × 1000/μL with an absolute lymphocyte count of 1990/μL. Renal function and liver enzymes were within normal values, although LDH was not tested. Inflammatory profile revealed low C-reactive protein (0.27 mg/dL; normal range 0.00-0.50 mg/dL) and elevated D-dimer (1454 ng/mL; normal range 10-500 ng/mL).
In the absence of cough, fever, and respiratory distress (SoPO2 = 98%), ACS was likely excluded also in consideration that radiographic evidence of pulmonary infiltrates was already evident much earlier (>48 h) than the onset of chest pain. HbS dosing was not performed because it is not among the routine emergency examinations. The patient was discharged with the advice to continue home self-isolation and clinical follow up was maintained through frequent phone calls. During the first phase of COVID-19 outbreak, mildly symptomatic patients were more preferably cared for at home, rather than admitted to overwhelmed hospitals.
The patient tested again positive for SARS-CoV-2 on two occasions (March 31 and April 18, 2020) and a follow-up chest CT scan (April 18, 2020) confirmed the persistence of a superior right lobe parenchymal consolidation.
On April 20, 2020 (47 days from symptoms’ onset), due to the enduring SARS-CoV-2 positivity along with radiological abnormalities at chest CT scan, the patient was admitted to the internal medicine department. The pulmonary consolidation was interpreted as a consequence of SARS-CoV-2 infection and subcutaneous heparin at therapeutic dose (4000 UI/sQ b.i.d.) was initiated [], along with IV ceftriaxone therapy (2 g). Urine legionella and pneumococcal antigen tests resulted negative. Normal plasma IL-6 levels (0.0-7.0 pg/mL), slightly increased lactate dehydrogenase (LDH) values (495 U/L; normal range 208-378 U/L), and normal C-reactive protein (0.19 mg/L) were reported. Oxygen therapy was not needed as the patient maintained SpO2 = 98% and pO2/FiO2 = 472 mm Hg at arterial blood gas (ABG) analysis in ambient air.
On day 3 of hospitalization, laboratory tests evidenced systemic hemolysis with a 1 g/dL decrease in hemoglobin in 48 h, and Hb-S fraction of 75.5%. Tramadol (100 mg/i.v./b.i.d.) was substituted with continuous intravenous morphine (30 mg/i.v.) for pain control and a single unit of packed red blood cell (PRBC) (O Rh negative, ccdee) was transfused to dilute the HbS level. No transfusion related adverse events were recorded and HbS decreased to 62.5%.
On day 4, the patient experienced worsening uncontrolled pain crisis (Numeric Rating Scale[] = 8) that required adjusting the intravenous morphine dose (40 mg/i.v./24 h) and HU therapy was increased to 20 mg/kg/day. On the same day, a first negative SARS-CoV-2 RT-PCR was obtained, although the second confirmatory test (on April 26th) turned out positive.
On day 5, due to a plummeting platelet count (<50 000/μL) heparin was suspended. To exclude heparin-induced thrombocytopenia (HIT), fondaparinux therapy was initiated and anti-platelet factor 4 (PF4)/heparin antibodies tested negative. The patient's vital signs remained unremarkable. Hb level increased to 9 g/dL, and no alterations in hepato-renal function and cardiac enzymes were evidenced, despite a persistently elevated D-dimer (1077 ng/mL).
On day 8, the patient's continuous i.v. morphine dose was increased (50 mg/i.v., continuous infusion) for uncontrolled pain.
On May 1, 2020, a second blood transfusion was attempted (O Rh positive, ccDee) but had to be interrupted due to transfusion related adverse events (dizziness and general malaise).
On day 13 from hospitalization, the patient referred a reduction in perceived pain (NRS = 5) and morphine was reduced (30 mg/i.v.). Further investigations with an extensive infectious panel was undertaken for the pulmonary consolidation and CMV-DNA, β-d-glucan, Parvo B19 IgM/IgG, QuantiFERON, all tested negative.
On May 6, 2020, after two consecutive negative SARS-CoV-2 swabs, the patient was discharged with a Hb of 9.5 g/dL, HbS of 61.9% (last measured on April 24, 2020), increased PLT count (792 000/μL), normal hepato-renal function, and controlled pain intensity (NRS < 5); in consideration of the patient's poor compliance with self-administration of subcutaneous heparin, she was started on 100 mg/day acetylsalicylic acid.
Of the patient's five near family members, initially only the 52-years-old father, carrier of SCT, was diagnosed positive for COVID-19 with fever (38°C) and no cough or dyspnea. Chest X-ray and CT scan revealed findings suggestive of COVID-19-induced pneumonia. Oral hydroxychloroquine (HCQ) home treatment was prescribed at a dosage of 400 mg/b.i.d. for the first day and 200 mg/b.i.d. for the following 4 days. Sixteen days later, despite being asymptomatic since treatment onset, the patient still tested positive for SARS-CoV-2 and achieved negativity only after 32 days from diagnosis. Eventually, also the 49-years-old mother, also carrier of SCT, tested positive for SARS-CoV-2 but remained asymptomatic."
20260902T001108-5476a462,7485466-1,seeded:36,19,Acute Kidney Injury (AKI),False,y,,"""death_attributed"" (bool) - The patient died and the note attributes the death to THIS outcome. | ""creatinine_x_baseline"" (num; the pipeline converts to ratio) - Serum creatinine as a multiple of the patient's baseline (1.5 means 1.5x baseline). | ""creatinine"" (num; the pipeline converts to mg/dL) - Serum creatinine. | ""egfr"" (num; the pipeline converts to mL/min/1.73m2) - Estimated glomerular filtration rate. | ""esrd_progression"" (bool) - The AKI progressed to permanent end-stage renal disease. | ""patient_age"" (num; the pipeline converts to years) - Patient age at this encounter, in years. Required before grading 06, 19, 25, 26, 42, 53; grading returns `cannot grade: age unknown` without it. | ""renal_replacement"" (bool) - Renal replacement therapy given: haemodialysis, CRRT, haemofiltration, peritoneal dialysis. | ""creatinine_increase_mg_dl"" (num; the pipeline converts to mg/dL) - Absolute rise in serum creatinine within 48 hours.",How I Treat Acute and Persistent Sickle Cell Pain,"A 39-year old African American woman known to have hemoglobin (Hb) SC disease was admitted to the hospital with the diagnosis of VOC. The pain involved the left shoulder and the upper/lower back and was constant, sharp and throbbing in nature with an intensity score of 10 on a scale from 0 (no pain) to 10 (most severe pain). Past medical history was significant for VOCs at a rate of 2–3 VOCs per year with no pain between VOCs, avascular necrosis (AVN) of the left humeral joint, pneumonia, urinary tract infection, and a remote history of allergy to morphine. In the emergency department (ED), she was given meperidine 125 mg intravenously (IV) every two hours. She did not achieve adequate pain relief after receiving 3 doses of meperidine and, hence, was admitted to the hospital. The attending provider decided to start her on patient-controlled analgesia (PCA) pump using morphine lockout dose 1 mg, lockout interval 10 minutes, and a one-hour dose limit of 8 mg morphine. The patient indicated that she is allergic to morphine and usually receives meperidine for pain, but she could not give details about the nature of the allergy to morphine. About 8 hours after starting the PCA, she experienced hallucinations, disorientation, fever 103° F, chest oppression, and difficulty breathing with pulse Oximetry of 86%. She was transferred to the intensive care unit and intubated. The chest x-ray was normal. She recovered within 24 hours, and management of pain was resumed with meperidine and was discharged 7 days after admission.
Management of patients with sickle cell pain should be individualized. Patients with SCD are authorities on their disease. They know what helps them most. Accordingly, providers should listen, believe, and respect patients unless proven otherwise. The selection of a specific opioid and its dose should be based on the patient’s previous experience. No opioid or a specific dose of an opioid applies to all patients all the time. Opioids are ligands that bind to receptors and slow the transmission of painful stimuli along the central nervous system pathways. The binding to and activation of a specific receptor by an opioid vary considerably among patients. Opioid receptors are G protein-coupled with exogenous and endogenous opioids as ligands. Recent studies– have revealed a helical structure of the opioid receptors, which forms pockets in which the corresponding ligand (opioid) fits snugly. Not all opioids fit snugly into the same receptor’s pocket. This explains why some patients may have better analgesia with a certain opioid but not with another opioid."
20260902T001108-5476a462,7607993-1,holdout,28,Acute Sickle Cell Pain Episode,False,y,,"""death_attributed"" (bool) - The patient died and the note attributes the death to THIS outcome. | ""pain_co_complication"" (bool) - The pain episode was complicated by organ failure, acute chest syndrome, respiratory distress, DVT, PE, stroke, splenic sequestration, or hyperhaemolysis. | ""life_support_other"" (bool) - Any other life-supporting treatment not covered by mechanical ventilation, vasopressors or renal replacement (e.g. ECMO). | ""renal_replacement"" (bool) - Renal replacement therapy given: haemodialysis, CRRT, haemofiltration, peritoneal dialysis. | ""resp_support"" (ord, one of: room_air, low_flow_o2, high_flow, niv_bipap_cpap, invasive_ventilation) - Maximum respiratory support given during the event. In notes this reads as: room_air = no supplemental oxygen; low_flow_o2 = nasal cannula, face mask, simple mask, up to about 6 L/min; high_flow = high-flow nasal cannula, HFNC, Optiflow, Airvo, venturi mask at high flow; niv_bipap_cpap = BiPAP, CPAP, non-invasive ventilation; invasive_ventilation = intubation, mechanical ventilation, ventilated via tracheostomy. | ""vasopressors"" (bool) - Vasoactive or vasopressor infusion given (norepinephrine, epinephrine, dopamine, dobutamine, milrinone). | ""care_setting"" (ord, one of: home, clinic_or_day_hospital, ed_treat_release, inpatient, icu) - Highest level of care this event actually reached. `home` = managed without a facility visit; `ed_treat_release` = seen and discharged; `inpatient` = admitted; `icu` = critical care. In notes this reads as: home = managed without a facility visit; clinic_or_day_hospital = outpatient clinic, day unit, infusion centre; ed_treat_release = seen in the emergency department and discharged; inpatient = admitted to a ward; icu = intensive care, critical care, HDU.",Red blood cell exchange in sickle cell disease patient with multiple alloantibodies,"A known homozygous SCD patient, 18-year-old male, presented with pain in the right hip and difficulty in walking as the principal complaint. After a thorough review, the patient was diagnosed with avascular necrosis of head femur and advised right hemiarthroplasty. Since the patient was known sickle cell homozygous, a hematological consultation including blood group and antibody screen was ordered.
This was performed on an automated platform AutoVue (Ortho-Clinical Diagnosis [OCD], USA) using column agglutination technique. Three-cell panel (Surgiscreen, OCD, USA) was used for antibody screen. Patient's blood group was found to be A RhD positive with positive antibody screen. Eleven-cell panel (Resolve Panel A, OCD, USA) was used to identify the specificity of the antibody. Initial results revealed anti-c alloantibody. However, additional 11-cell panel (Resolve Panel B, OCD, USA) also identified anti-E alloantibody. Presence of both these alloantibodies was further confirmed by absence of corresponding c and E antigen. Ten c and E antigen negative, anti-human globulin crossmatch compatible RBC units were identified from the inventory for possible RBC exchange.
These RBC units were prepared from 450 ml whole blood collected in triple blood bag system 3F 63 ml CPD/100 ml SAG-M-PDS-V (Fresenius Kabi, Germany). All units were leucodepleted (BioR max, Fresenius Kabi, Germany) sickle negative and were <7 days from the date of donation.
Very high HbS concentration (66%) warranted an RBC exchange before the patient could be taken up for surgery. Automated RBC exchange was performed through double-lumen 16F catheter on apheresis machine Com. Tec (Fresenius Kabi, Germany) using the standard PL1 kit (Fresenius Kabi, Germany).
The machine has in-built software program (Version-04.03.08, Com. Tec) for performing RBC exchange. As part of preprocedure requirements, demographic details of the patient along with hematologic parameters including hematocrit (HCT) 35% and HbS concentration (66%) were entered in the software. The American Society for Apheresis (ASFA) guidelines[] on apheresis state that RBC volume to be exchanged depends on target HbS level. With 100% RBC replacement and on the basis of target HbS level (<30%), the required RBC volume to be exchanged as calculated by the software was 2200 ml. Seven out of 10 RBC bags (total volume 2270 ml) identified were used for RBC exchange. Volume and HCT of each RBC bag was entered in the “RBC calculator” of software for RBC exchange. The software predicted postprocedure HCT as 35% and HbS as 28%.
Patient's vitals including pulse rate, blood pressure, oxygen saturation, and respiratory rate were monitored throughout the procedure. Continuous intravenous calcium gluconate 10% (30 ml in 120 ml normal saline) infusion at the rate of 60 ml/h was given to the patient during the procedure to prevent citrate effect. The procedure lasted 95 min and was completely uneventful. compares various hematological parameters of the patient before and after the RBC exchange.
Patient follow-up: Patient underwent planned hemiarthroplasty of the right hip joint on the day following RBC exchange. Surgery was uneventful and patient was transfused 1 unit RBC (8th unit) during surgery and 1 unit (9th unit) later in postoperative Intensive Care Unit as replacement for blood loss. The clinical course of the patient was uneventful, and the patient was discharged on postoperative day 7. Currently, the patient is doing fine and is able to walk with own support after 8 weeks of follow-up."
20260902T001108-5476a462,7607993-1,holdout,48,Acute Chest Syndrome (ACS),False,y,,"""death_attributed"" (bool) - The patient died and the note attributes the death to THIS outcome. | ""resp_support"" (ord, one of: room_air, low_flow_o2, high_flow, niv_bipap_cpap, invasive_ventilation) - Maximum respiratory support given during the event. In notes this reads as: room_air = no supplemental oxygen; low_flow_o2 = nasal cannula, face mask, simple mask, up to about 6 L/min; high_flow = high-flow nasal cannula, HFNC, Optiflow, Airvo, venturi mask at high flow; niv_bipap_cpap = BiPAP, CPAP, non-invasive ventilation; invasive_ventilation = intubation, mechanical ventilation, ventilated via tracheostomy. | ""transfusion_type"" (ord, one of: none, simple, exchange) - Most intensive erythrocyte transfusion given for this event. In notes this reads as: none = no red cell transfusion; simple = top-up, packed red cells, straight transfusion; exchange = exchange transfusion, red cell exchange, erythrocytapheresis, manual or automated exchange. | ""fio2_pct"" (num; the pipeline converts to %) - Highest documented FiO2 as a percentage. Room air is 21. | ""life_support_other"" (bool) - Any other life-supporting treatment not covered by mechanical ventilation, vasopressors or renal replacement (e.g. ECMO). | ""renal_replacement"" (bool) - Renal replacement therapy given: haemodialysis, CRRT, haemofiltration, peritoneal dialysis. | ""vasopressors"" (bool) - Vasoactive or vasopressor infusion given (norepinephrine, epinephrine, dopamine, dobutamine, milrinone). | ""acs_other_support"" (bool) - Erythropoietin or any other supportive treatment for the ACS, other than antibiotics.",Red blood cell exchange in sickle cell disease patient with multiple alloantibodies,"A known homozygous SCD patient, 18-year-old male, presented with pain in the right hip and difficulty in walking as the principal complaint. After a thorough review, the patient was diagnosed with avascular necrosis of head femur and advised right hemiarthroplasty. Since the patient was known sickle cell homozygous, a hematological consultation including blood group and antibody screen was ordered.
This was performed on an automated platform AutoVue (Ortho-Clinical Diagnosis [OCD], USA) using column agglutination technique. Three-cell panel (Surgiscreen, OCD, USA) was used for antibody screen. Patient's blood group was found to be A RhD positive with positive antibody screen. Eleven-cell panel (Resolve Panel A, OCD, USA) was used to identify the specificity of the antibody. Initial results revealed anti-c alloantibody. However, additional 11-cell panel (Resolve Panel B, OCD, USA) also identified anti-E alloantibody. Presence of both these alloantibodies was further confirmed by absence of corresponding c and E antigen. Ten c and E antigen negative, anti-human globulin crossmatch compatible RBC units were identified from the inventory for possible RBC exchange.
These RBC units were prepared from 450 ml whole blood collected in triple blood bag system 3F 63 ml CPD/100 ml SAG-M-PDS-V (Fresenius Kabi, Germany). All units were leucodepleted (BioR max, Fresenius Kabi, Germany) sickle negative and were <7 days from the date of donation.
Very high HbS concentration (66%) warranted an RBC exchange before the patient could be taken up for surgery. Automated RBC exchange was performed through double-lumen 16F catheter on apheresis machine Com. Tec (Fresenius Kabi, Germany) using the standard PL1 kit (Fresenius Kabi, Germany).
The machine has in-built software program (Version-04.03.08, Com. Tec) for performing RBC exchange. As part of preprocedure requirements, demographic details of the patient along with hematologic parameters including hematocrit (HCT) 35% and HbS concentration (66%) were entered in the software. The American Society for Apheresis (ASFA) guidelines[] on apheresis state that RBC volume to be exchanged depends on target HbS level. With 100% RBC replacement and on the basis of target HbS level (<30%), the required RBC volume to be exchanged as calculated by the software was 2200 ml. Seven out of 10 RBC bags (total volume 2270 ml) identified were used for RBC exchange. Volume and HCT of each RBC bag was entered in the “RBC calculator” of software for RBC exchange. The software predicted postprocedure HCT as 35% and HbS as 28%.
Patient's vitals including pulse rate, blood pressure, oxygen saturation, and respiratory rate were monitored throughout the procedure. Continuous intravenous calcium gluconate 10% (30 ml in 120 ml normal saline) infusion at the rate of 60 ml/h was given to the patient during the procedure to prevent citrate effect. The procedure lasted 95 min and was completely uneventful. compares various hematological parameters of the patient before and after the RBC exchange.
Patient follow-up: Patient underwent planned hemiarthroplasty of the right hip joint on the day following RBC exchange. Surgery was uneventful and patient was transfused 1 unit RBC (8th unit) during surgery and 1 unit (9th unit) later in postoperative Intensive Care Unit as replacement for blood loss. The clinical course of the patient was uneventful, and the patient was discharged on postoperative day 7. Currently, the patient is doing fine and is able to walk with own support after 8 weeks of follow-up."
20260902T001108-5476a462,8489536-1,seeded:36,19,Acute Kidney Injury (AKI),False,y,,"""death_attributed"" (bool) - The patient died and the note attributes the death to THIS outcome. | ""creatinine_x_baseline"" (num; the pipeline converts to ratio) - Serum creatinine as a multiple of the patient's baseline (1.5 means 1.5x baseline). | ""creatinine"" (num; the pipeline converts to mg/dL) - Serum creatinine. | ""egfr"" (num; the pipeline converts to mL/min/1.73m2) - Estimated glomerular filtration rate. | ""esrd_progression"" (bool) - The AKI progressed to permanent end-stage renal disease. | ""patient_age"" (num; the pipeline converts to years) - Patient age at this encounter, in years. Required before grading 06, 19, 25, 26, 42, 53; grading returns `cannot grade: age unknown` without it. | ""renal_replacement"" (bool) - Renal replacement therapy given: haemodialysis, CRRT, haemofiltration, peritoneal dialysis. | ""creatinine_increase_mg_dl"" (num; the pipeline converts to mg/dL) - Absolute rise in serum creatinine within 48 hours.","Acute Chest Syndrome, Avascular Necrosis of Femur, and Pulmonary Embolism All at Once: An Unexpected Encounter in the First-Ever Admission of a Sickle Cell Patient","A 25-year-old male presented in the outpatient department with the chief complaint of severe back pain and hip pain for one day and fever for one day. The patient had a history of sickle cell disease SS pattern since childhood and was not on any medication. He had no history of similar episodes of bone pain and crisis-like episodes in the past. On physical examination, he was febrile with a temperature of 101.4 degrees Fahrenheit. He had severe pallor. His pulse rate was 130 beats per minute, respiratory rate was 20 breaths per minute, oxygen saturation level was 96% at room air, and blood pressure was 110/70 mm Hg, right arm supine position.
Initial laboratory investigations showed anemia with hemoglobin 6.6 g%, white blood cell (WBC) count of 14,700 cells/mm3, out of which, 65% were granulocytes, platelet count was 3.27 lakhs/mm3, erythrocyte sedimentation rate (ESR) was 50 mm/h, and lactate dehydrogenase (LDH) levels were 605 U/L. Abdominal sonography reported grade I fatty liver of size 6.9 cm with hepatosplenomegaly and heterogenous echotexture of the spleen. The patient underwent two-dimensional echocardiography (2D ECHO), which reported mildly dilated left atrium and left ventricle. A chest radiograph done on admission showed no pulmonary infiltrates (Figure ). The patient was started on IV antibiotics, analgesics, and IV fluids for the same. With the initial management, the patient felt symptomatically better. His complaints of pain were gradually reduced. Four days after admission, the patient started to experience complaints of chest pain which was non-radiating, had difficulty in breathing, and severe pain in the hip region. His saturation decreased to 85% on room air. He was put on oxygen support. Chest x-ray done revealed the presence of new infiltrates in the x-ray (Figure ). CT pulmonary angiography revealed the presence of a small embolus in the subsegmental branch of the lower lobar pulmonary artery with the adjacent pulmonary infarct (Figure ). MRI of hips was done which revealed avascular necrosis of the femur (Figure ). Repeat blood investigations revealed a normal WBC count. Arterial blood gas (ABG) analysis was done that was suggestive of acidosis. With the above investigations, a diagnosis of inflammatory pulmonary disorder was taken into consideration. Given the normal WBC counts and the sudden desaturation and the appearance of new infiltrates on his x-ray, a diagnosis of acute chest syndrome was made. His antibiotics were stepped up accordingly. Appropriate pain medications were given. The patient was put on bilevel positive airway pressure (BIPAP) support. Plasma exchange was done to build up the optimum hemoglobin levels. Three days after presenting with the above symptoms, the patient started showing medical improvement. BIPAP support was gradually tapered, he was transferred to oxygen support, and eventually was maintaining saturation on room air.
After further hospitalization, his condition stabilized and all his chief complaints were treated. On the 12th day, he was discharged from the hospital and was called for follow-up."
20260902T001108-5476a462,8929203-1,seeded:48,19,Acute Kidney Injury (AKI),False,y,,"""death_attributed"" (bool) - The patient died and the note attributes the death to THIS outcome. | ""creatinine_x_baseline"" (num; the pipeline converts to ratio) - Serum creatinine as a multiple of the patient's baseline (1.5 means 1.5x baseline). | ""creatinine"" (num; the pipeline converts to mg/dL) - Serum creatinine. | ""egfr"" (num; the pipeline converts to mL/min/1.73m2) - Estimated glomerular filtration rate. | ""esrd_progression"" (bool) - The AKI progressed to permanent end-stage renal disease. | ""patient_age"" (num; the pipeline converts to years) - Patient age at this encounter, in years. Required before grading 06, 19, 25, 26, 42, 53; grading returns `cannot grade: age unknown` without it. | ""renal_replacement"" (bool) - Renal replacement therapy given: haemodialysis, CRRT, haemofiltration, peritoneal dialysis. | ""creatinine_increase_mg_dl"" (num; the pipeline converts to mg/dL) - Absolute rise in serum creatinine within 48 hours.",Leukoerythroblastosis in a Sickle Cell Patient With Pregnancy: An Interesting Peripheral Blood Smear Finding,"An asymptomatic pregnant 31-year-old female (G6P4) was found to have SARS-CoV-2 infection during routine nasopharyngeal swab testing at 30 weeks of gestation. She also has a history of SCD (HbSS). At 32 weeks of gestation, she presented with nausea, vomiting, constipation, decreased oral intake and a pain crisis limited to her extremities. She continued to test positive for SARS-CoV-2 on repeat testing. She denied fever, shortness of breath or respiratory distress, chest pain or cough. Although these are nonspecific features of pulmonary SARS-CoV-2, the presence of these symptoms may have complicated her clinical picture as to whether they are caused by her infection or due to acute chest syndrome from her SCD. On examination, she was in moderate distress due to pain, but hemodynamically stable and was maintaining her oxygen saturation. Clinical examination of other systems was within normal limit. Ultrasound of the abdomen showed a normal viable fetus with normal heart rate and accelerations.
Her laboratory values during this hospital stay are shown in . Briefly, her complete blood count (CBC) showed leukocytosis (white blood cell (WBC): 15.9 × 109/L) with neutrophilia (87.5%), lymphopenia (7.7%) and normal monocyte count (4.8%). She has chronic normocytic anemia (hemoglobin: 8.9 g/dL, mean corpuscular volume (MCV): 99.8), presence of a moderate number of sickle cells with a normal platelet count (335 × 109/L). Viral panels (cytomegalovirus (CMV), parvovirus B19 and Epstein-Barr virus (EBV)) were undetectable for virus by polymerase chain reaction (PCR) testing. SARS-CoV-2 was detected on two occasions by PCR ().
The patient was managed conservatively with intravenous hydration and pain medications and was discharged 5 days after admission.
She returned to the emergency department the following day with increasing pain in her extremities. Her CBC was notable for persistent leukocytosis (WBC: 20.4 × 109/L) with neutrophilia (75.7%), lymphopenia (16.5%) and a normal monocyte count (6.8%). Morphologic examination of the peripheral blood smear showed the presence of a moderate number of sickle cells and marked leukoerythroblastosis: rare myeloblasts (about 1%), markedly abundant nucleated red blood cells (RBCs) (32 nucleated RBCs per 100 WBCs), 1.0% metamyelocytes, and many large and giant platelets were seen (). Her previous peripheral blood smears (prior to the positive SARS-CoV-2 test) did not show leukoerythroblastosis. There was a rise in the percentage of HbS during her pregnancy, and she received a red cell transfusion (). She received intravenous hydration and pain medications until her delivery. The baby was delivered at 36 weeks via cesarean section due to pre-term labor and intrauterine growth retardation. The leukoerythroblastic picture was transient and was not appreciated 2 weeks post-delivery. The placenta of the patient was histologically mature but small for gestation age and had a three-vessel umbilical cord. No significant pathological changes were noted in the placenta."
20260902T001108-5476a462,8929203-1,seeded:48,36,Fever,False,y,,"""temperature"" (num; the pipeline converts to degC) - Highest documented body temperature.",Leukoerythroblastosis in a Sickle Cell Patient With Pregnancy: An Interesting Peripheral Blood Smear Finding,"An asymptomatic pregnant 31-year-old female (G6P4) was found to have SARS-CoV-2 infection during routine nasopharyngeal swab testing at 30 weeks of gestation. She also has a history of SCD (HbSS). At 32 weeks of gestation, she presented with nausea, vomiting, constipation, decreased oral intake and a pain crisis limited to her extremities. She continued to test positive for SARS-CoV-2 on repeat testing. She denied fever, shortness of breath or respiratory distress, chest pain or cough. Although these are nonspecific features of pulmonary SARS-CoV-2, the presence of these symptoms may have complicated her clinical picture as to whether they are caused by her infection or due to acute chest syndrome from her SCD. On examination, she was in moderate distress due to pain, but hemodynamically stable and was maintaining her oxygen saturation. Clinical examination of other systems was within normal limit. Ultrasound of the abdomen showed a normal viable fetus with normal heart rate and accelerations.
Her laboratory values during this hospital stay are shown in . Briefly, her complete blood count (CBC) showed leukocytosis (white blood cell (WBC): 15.9 × 109/L) with neutrophilia (87.5%), lymphopenia (7.7%) and normal monocyte count (4.8%). She has chronic normocytic anemia (hemoglobin: 8.9 g/dL, mean corpuscular volume (MCV): 99.8), presence of a moderate number of sickle cells with a normal platelet count (335 × 109/L). Viral panels (cytomegalovirus (CMV), parvovirus B19 and Epstein-Barr virus (EBV)) were undetectable for virus by polymerase chain reaction (PCR) testing. SARS-CoV-2 was detected on two occasions by PCR ().
The patient was managed conservatively with intravenous hydration and pain medications and was discharged 5 days after admission.
She returned to the emergency department the following day with increasing pain in her extremities. Her CBC was notable for persistent leukocytosis (WBC: 20.4 × 109/L) with neutrophilia (75.7%), lymphopenia (16.5%) and a normal monocyte count (6.8%). Morphologic examination of the peripheral blood smear showed the presence of a moderate number of sickle cells and marked leukoerythroblastosis: rare myeloblasts (about 1%), markedly abundant nucleated red blood cells (RBCs) (32 nucleated RBCs per 100 WBCs), 1.0% metamyelocytes, and many large and giant platelets were seen (). Her previous peripheral blood smears (prior to the positive SARS-CoV-2 test) did not show leukoerythroblastosis. There was a rise in the percentage of HbS during her pregnancy, and she received a red cell transfusion (). She received intravenous hydration and pain medications until her delivery. The baby was delivered at 36 weeks via cesarean section due to pre-term labor and intrauterine growth retardation. The leukoerythroblastic picture was transient and was not appreciated 2 weeks post-delivery. The placenta of the patient was histologically mature but small for gestation age and had a three-vessel umbilical cord. No significant pathological changes were noted in the placenta."
20260902T001108-5476a462,8929203-1,seeded:48,48,Acute Chest Syndrome (ACS),False,y,,"""death_attributed"" (bool) - The patient died and the note attributes the death to THIS outcome. | ""resp_support"" (ord, one of: room_air, low_flow_o2, high_flow, niv_bipap_cpap, invasive_ventilation) - Maximum respiratory support given during the event. In notes this reads as: room_air = no supplemental oxygen; low_flow_o2 = nasal cannula, face mask, simple mask, up to about 6 L/min; high_flow = high-flow nasal cannula, HFNC, Optiflow, Airvo, venturi mask at high flow; niv_bipap_cpap = BiPAP, CPAP, non-invasive ventilation; invasive_ventilation = intubation, mechanical ventilation, ventilated via tracheostomy. | ""transfusion_type"" (ord, one of: none, simple, exchange) - Most intensive erythrocyte transfusion given for this event. In notes this reads as: none = no red cell transfusion; simple = top-up, packed red cells, straight transfusion; exchange = exchange transfusion, red cell exchange, erythrocytapheresis, manual or automated exchange. | ""fio2_pct"" (num; the pipeline converts to %) - Highest documented FiO2 as a percentage. Room air is 21. | ""life_support_other"" (bool) - Any other life-supporting treatment not covered by mechanical ventilation, vasopressors or renal replacement (e.g. ECMO). | ""renal_replacement"" (bool) - Renal replacement therapy given: haemodialysis, CRRT, haemofiltration, peritoneal dialysis. | ""vasopressors"" (bool) - Vasoactive or vasopressor infusion given (norepinephrine, epinephrine, dopamine, dobutamine, milrinone). | ""acs_other_support"" (bool) - Erythropoietin or any other supportive treatment for the ACS, other than antibiotics.",Leukoerythroblastosis in a Sickle Cell Patient With Pregnancy: An Interesting Peripheral Blood Smear Finding,"An asymptomatic pregnant 31-year-old female (G6P4) was found to have SARS-CoV-2 infection during routine nasopharyngeal swab testing at 30 weeks of gestation. She also has a history of SCD (HbSS). At 32 weeks of gestation, she presented with nausea, vomiting, constipation, decreased oral intake and a pain crisis limited to her extremities. She continued to test positive for SARS-CoV-2 on repeat testing. She denied fever, shortness of breath or respiratory distress, chest pain or cough. Although these are nonspecific features of pulmonary SARS-CoV-2, the presence of these symptoms may have complicated her clinical picture as to whether they are caused by her infection or due to acute chest syndrome from her SCD. On examination, she was in moderate distress due to pain, but hemodynamically stable and was maintaining her oxygen saturation. Clinical examination of other systems was within normal limit. Ultrasound of the abdomen showed a normal viable fetus with normal heart rate and accelerations.
Her laboratory values during this hospital stay are shown in . Briefly, her complete blood count (CBC) showed leukocytosis (white blood cell (WBC): 15.9 × 109/L) with neutrophilia (87.5%), lymphopenia (7.7%) and normal monocyte count (4.8%). She has chronic normocytic anemia (hemoglobin: 8.9 g/dL, mean corpuscular volume (MCV): 99.8), presence of a moderate number of sickle cells with a normal platelet count (335 × 109/L). Viral panels (cytomegalovirus (CMV), parvovirus B19 and Epstein-Barr virus (EBV)) were undetectable for virus by polymerase chain reaction (PCR) testing. SARS-CoV-2 was detected on two occasions by PCR ().
The patient was managed conservatively with intravenous hydration and pain medications and was discharged 5 days after admission.
She returned to the emergency department the following day with increasing pain in her extremities. Her CBC was notable for persistent leukocytosis (WBC: 20.4 × 109/L) with neutrophilia (75.7%), lymphopenia (16.5%) and a normal monocyte count (6.8%). Morphologic examination of the peripheral blood smear showed the presence of a moderate number of sickle cells and marked leukoerythroblastosis: rare myeloblasts (about 1%), markedly abundant nucleated red blood cells (RBCs) (32 nucleated RBCs per 100 WBCs), 1.0% metamyelocytes, and many large and giant platelets were seen (). Her previous peripheral blood smears (prior to the positive SARS-CoV-2 test) did not show leukoerythroblastosis. There was a rise in the percentage of HbS during her pregnancy, and she received a red cell transfusion (). She received intravenous hydration and pain medications until her delivery. The baby was delivered at 36 weeks via cesarean section due to pre-term labor and intrauterine growth retardation. The leukoerythroblastic picture was transient and was not appreciated 2 weeks post-delivery. The placenta of the patient was histologically mature but small for gestation age and had a three-vessel umbilical cord. No significant pathological changes were noted in the placenta."
20260902T001108-5476a462,9054428-1,holdout,36,Fever,False,y,,"""temperature"" (num; the pipeline converts to degC) - Highest documented body temperature.",Vaso-Occlusive Pain Management in a Patient With Sickle Cell Disease Associated With Moyamoya Syndrome,"A 50-year-old female with a medical history of sickle cell disease, seropositive rheumatoid arthritis, and MMS complicated by multiple strokes with residual right-sided weakness, cognitive impairment, and seizures presented to our emergency department with severe pain in her chest, lower back, and bilateral legs, more intense than her typical acute vaso-occlusive pain episodes. The patient’s mother reported that home doses of combination oxycodone and acetaminophen did not relieve her pain. Initial vitals were notable for a temperature of 36.4°C, blood pressure of 92/44 mmHg, pulse of 98 beats per minute, and oxygen saturation in the 70s. Labs were significant for hemoglobin of 3.3 g/dL (baseline 5 g/dL), lactate dehydrogenase 667 U/L, and reticulocyte 15%. On further evaluation and workup, the patient was also found to have a urinary tract infection (UTI). She was then admitted to our general medicine floor for management of her vaso-occlusive crisis secondary to UTI.
According to the patient’s mother, her primary caregiver, she was diagnosed with sickle cell disease at age three. She had her first stroke at eight years of age, was diagnosed with MMS at ten years, and subsequently had multiple strokes. The patient’s home pain regimen included oxycodone/acetaminophen 5-325 mg taken as needed for pain. Other home medications included aspirin, hydroxychloroquine, levetiracetam, and topiramate.
During the hospital course, the patient was initially started on hydromorphone 0.5 mg intravenously every four hours as needed for pain. Given the patient was opiate-naïve, she developed multiple episodes of hypotension and bradycardia with systolic blood pressure (SBP) of 54-105 mmHg, diastolic blood pressure (DBP) of 34-74 mmHg, and heart rate of 48-98 beats per minute. To avoid further hypotension, bradycardia, and respiratory depression, hydromorphone was discontinued, and the pain regimen was adjusted to oxycodone-acetaminophen 5-325 mg every six hours. Vitals returned to the baseline range after adjustment of medication, SBP ranged between 107 and 118 mmHg, DBP ranged between 61 and 71 mmHg, heart rate ranged between 61 and 71 bpm, and the pain was controlled. Other considerations included avoiding lidocaine transdermal patches because even minimal lidocaine absorption into the circulation could be hemodynamically detrimental in the patient. Baclofen was also added to address musculoskeletal pain.
In addition to pain management, the patient was given gentle intravenous fluid hydration and a total of three units of packed red blood cells with improvement of blood pressure and hemoglobin levels to 6.6 g/dL at baseline on discharge. Her UTI was also treated with antibiotics. The patient remained hemodynamically stable on the adjusted pain regimen without signs of acute stroke throughout her hospital course. Computed tomography scans of the head without contrast are shown in Figures , ."
20260902T001108-5476a462,9054428-1,holdout,48,Acute Chest Syndrome (ACS),False,y,,"""death_attributed"" (bool) - The patient died and the note attributes the death to THIS outcome. | ""resp_support"" (ord, one of: room_air, low_flow_o2, high_flow, niv_bipap_cpap, invasive_ventilation) - Maximum respiratory support given during the event. In notes this reads as: room_air = no supplemental oxygen; low_flow_o2 = nasal cannula, face mask, simple mask, up to about 6 L/min; high_flow = high-flow nasal cannula, HFNC, Optiflow, Airvo, venturi mask at high flow; niv_bipap_cpap = BiPAP, CPAP, non-invasive ventilation; invasive_ventilation = intubation, mechanical ventilation, ventilated via tracheostomy. | ""transfusion_type"" (ord, one of: none, simple, exchange) - Most intensive erythrocyte transfusion given for this event. In notes this reads as: none = no red cell transfusion; simple = top-up, packed red cells, straight transfusion; exchange = exchange transfusion, red cell exchange, erythrocytapheresis, manual or automated exchange. | ""fio2_pct"" (num; the pipeline converts to %) - Highest documented FiO2 as a percentage. Room air is 21. | ""life_support_other"" (bool) - Any other life-supporting treatment not covered by mechanical ventilation, vasopressors or renal replacement (e.g. ECMO). | ""renal_replacement"" (bool) - Renal replacement therapy given: haemodialysis, CRRT, haemofiltration, peritoneal dialysis. | ""vasopressors"" (bool) - Vasoactive or vasopressor infusion given (norepinephrine, epinephrine, dopamine, dobutamine, milrinone). | ""acs_other_support"" (bool) - Erythropoietin or any other supportive treatment for the ACS, other than antibiotics.",Vaso-Occlusive Pain Management in a Patient With Sickle Cell Disease Associated With Moyamoya Syndrome,"A 50-year-old female with a medical history of sickle cell disease, seropositive rheumatoid arthritis, and MMS complicated by multiple strokes with residual right-sided weakness, cognitive impairment, and seizures presented to our emergency department with severe pain in her chest, lower back, and bilateral legs, more intense than her typical acute vaso-occlusive pain episodes. The patient’s mother reported that home doses of combination oxycodone and acetaminophen did not relieve her pain. Initial vitals were notable for a temperature of 36.4°C, blood pressure of 92/44 mmHg, pulse of 98 beats per minute, and oxygen saturation in the 70s. Labs were significant for hemoglobin of 3.3 g/dL (baseline 5 g/dL), lactate dehydrogenase 667 U/L, and reticulocyte 15%. On further evaluation and workup, the patient was also found to have a urinary tract infection (UTI). She was then admitted to our general medicine floor for management of her vaso-occlusive crisis secondary to UTI.
According to the patient’s mother, her primary caregiver, she was diagnosed with sickle cell disease at age three. She had her first stroke at eight years of age, was diagnosed with MMS at ten years, and subsequently had multiple strokes. The patient’s home pain regimen included oxycodone/acetaminophen 5-325 mg taken as needed for pain. Other home medications included aspirin, hydroxychloroquine, levetiracetam, and topiramate.
During the hospital course, the patient was initially started on hydromorphone 0.5 mg intravenously every four hours as needed for pain. Given the patient was opiate-naïve, she developed multiple episodes of hypotension and bradycardia with systolic blood pressure (SBP) of 54-105 mmHg, diastolic blood pressure (DBP) of 34-74 mmHg, and heart rate of 48-98 beats per minute. To avoid further hypotension, bradycardia, and respiratory depression, hydromorphone was discontinued, and the pain regimen was adjusted to oxycodone-acetaminophen 5-325 mg every six hours. Vitals returned to the baseline range after adjustment of medication, SBP ranged between 107 and 118 mmHg, DBP ranged between 61 and 71 mmHg, heart rate ranged between 61 and 71 bpm, and the pain was controlled. Other considerations included avoiding lidocaine transdermal patches because even minimal lidocaine absorption into the circulation could be hemodynamically detrimental in the patient. Baclofen was also added to address musculoskeletal pain.
In addition to pain management, the patient was given gentle intravenous fluid hydration and a total of three units of packed red blood cells with improvement of blood pressure and hemoglobin levels to 6.6 g/dL at baseline on discharge. Her UTI was also treated with antibiotics. The patient remained hemodynamically stable on the adjusted pain regimen without signs of acute stroke throughout her hospital course. Computed tomography scans of the head without contrast are shown in Figures , ."
20260902T001108-5476a462,9537747-1,holdout,19,Acute Kidney Injury (AKI),False,y,,"""death_attributed"" (bool) - The patient died and the note attributes the death to THIS outcome. | ""creatinine_x_baseline"" (num; the pipeline converts to ratio) - Serum creatinine as a multiple of the patient's baseline (1.5 means 1.5x baseline). | ""creatinine"" (num; the pipeline converts to mg/dL) - Serum creatinine. | ""egfr"" (num; the pipeline converts to mL/min/1.73m2) - Estimated glomerular filtration rate. | ""esrd_progression"" (bool) - The AKI progressed to permanent end-stage renal disease. | ""patient_age"" (num; the pipeline converts to years) - Patient age at this encounter, in years. Required before grading 06, 19, 25, 26, 42, 53; grading returns `cannot grade: age unknown` without it. | ""renal_replacement"" (bool) - Renal replacement therapy given: haemodialysis, CRRT, haemofiltration, peritoneal dialysis. | ""creatinine_increase_mg_dl"" (num; the pipeline converts to mg/dL) - Absolute rise in serum creatinine within 48 hours.",Kocuria rosea Bacteremia in a Sickle Cell Patient: A Case Report,"We present a case of a 55-year-old African American female who presented to the emergency department with a fever and a sickle cell pain crisis, which consisted of pain in the arms, legs, and chest. Her past medical history includes sickle cell disease, hypertension, anemia, a brain aneurysm five years ago, and a recent oral gingival abscess infection.
At the first encounter, she was febrile at 101.4 °F and her respiratory rate was 18 breaths per minute with an oxygen saturation of 99% on room air. Her heart rate was 99 beats per minute with a blood pressure of 107/65 mmHg. An X-ray done in the emergency department was unremarkable and showed mild cardiomegaly. Her EKG was negative. She was admitted to telemetry for further monitoring and care. The patient was continued on hydroxyurea 1500 mg, folic acid 1 mg, and a heating pad. She was also placed on a pain regimen of oxycodone 10 mg every 12 hours and gabapentin 300 mg every eight hours. Blood cultures were positive for K. rosea 2/2. The patient was transfused with 1 unit of packed red blood cells due to hemoglobin below her baseline of 6. The patient was placed on deferoxamine 1 g by hematology. Infectious disease placed the patient on IV vancomycin from February 19 to February 24 and IV Meropenem from February 19 to February 23. The patient was also started on levofloxacin 750 mg P.O. daily and minocycline 100 mg P.O. BID for seven days from February 19 to February 26. Vascular surgery was consulted for port removal due to positive blood cultures. The port removal was successful with no complications. A Penrose drain was placed and removed with no complications or infections. The patient had positive extended-spectrum beta-lactamase (ESBL) bacteriuria but was asymptomatic and was discharged with oral antibiotics."
20260902T001108-5476a462,9537747-1,holdout,48,Acute Chest Syndrome (ACS),False,y,,"""death_attributed"" (bool) - The patient died and the note attributes the death to THIS outcome. | ""resp_support"" (ord, one of: room_air, low_flow_o2, high_flow, niv_bipap_cpap, invasive_ventilation) - Maximum respiratory support given during the event. In notes this reads as: room_air = no supplemental oxygen; low_flow_o2 = nasal cannula, face mask, simple mask, up to about 6 L/min; high_flow = high-flow nasal cannula, HFNC, Optiflow, Airvo, venturi mask at high flow; niv_bipap_cpap = BiPAP, CPAP, non-invasive ventilation; invasive_ventilation = intubation, mechanical ventilation, ventilated via tracheostomy. | ""transfusion_type"" (ord, one of: none, simple, exchange) - Most intensive erythrocyte transfusion given for this event. In notes this reads as: none = no red cell transfusion; simple = top-up, packed red cells, straight transfusion; exchange = exchange transfusion, red cell exchange, erythrocytapheresis, manual or automated exchange. | ""fio2_pct"" (num; the pipeline converts to %) - Highest documented FiO2 as a percentage. Room air is 21. | ""life_support_other"" (bool) - Any other life-supporting treatment not covered by mechanical ventilation, vasopressors or renal replacement (e.g. ECMO). | ""renal_replacement"" (bool) - Renal replacement therapy given: haemodialysis, CRRT, haemofiltration, peritoneal dialysis. | ""vasopressors"" (bool) - Vasoactive or vasopressor infusion given (norepinephrine, epinephrine, dopamine, dobutamine, milrinone). | ""acs_other_support"" (bool) - Erythropoietin or any other supportive treatment for the ACS, other than antibiotics.",Kocuria rosea Bacteremia in a Sickle Cell Patient: A Case Report,"We present a case of a 55-year-old African American female who presented to the emergency department with a fever and a sickle cell pain crisis, which consisted of pain in the arms, legs, and chest. Her past medical history includes sickle cell disease, hypertension, anemia, a brain aneurysm five years ago, and a recent oral gingival abscess infection.
At the first encounter, she was febrile at 101.4 °F and her respiratory rate was 18 breaths per minute with an oxygen saturation of 99% on room air. Her heart rate was 99 beats per minute with a blood pressure of 107/65 mmHg. An X-ray done in the emergency department was unremarkable and showed mild cardiomegaly. Her EKG was negative. She was admitted to telemetry for further monitoring and care. The patient was continued on hydroxyurea 1500 mg, folic acid 1 mg, and a heating pad. She was also placed on a pain regimen of oxycodone 10 mg every 12 hours and gabapentin 300 mg every eight hours. Blood cultures were positive for K. rosea 2/2. The patient was transfused with 1 unit of packed red blood cells due to hemoglobin below her baseline of 6. The patient was placed on deferoxamine 1 g by hematology. Infectious disease placed the patient on IV vancomycin from February 19 to February 24 and IV Meropenem from February 19 to February 23. The patient was also started on levofloxacin 750 mg P.O. daily and minocycline 100 mg P.O. BID for seven days from February 19 to February 26. Vascular surgery was consulted for port removal due to positive blood cultures. The port removal was successful with no complications. A Penrose drain was placed and removed with no complications or infections. The patient had positive extended-spectrum beta-lactamase (ESBL) bacteriuria but was asymptomatic and was discharged with oral antibiotics."
20260902T001108-5476a462,9763515-1,seeded:48,19,Acute Kidney Injury (AKI),False,y,,"""death_attributed"" (bool) - The patient died and the note attributes the death to THIS outcome. | ""creatinine_x_baseline"" (num; the pipeline converts to ratio) - Serum creatinine as a multiple of the patient's baseline (1.5 means 1.5x baseline). | ""creatinine"" (num; the pipeline converts to mg/dL) - Serum creatinine. | ""egfr"" (num; the pipeline converts to mL/min/1.73m2) - Estimated glomerular filtration rate. | ""esrd_progression"" (bool) - The AKI progressed to permanent end-stage renal disease. | ""patient_age"" (num; the pipeline converts to years) - Patient age at this encounter, in years. Required before grading 06, 19, 25, 26, 42, 53; grading returns `cannot grade: age unknown` without it. | ""renal_replacement"" (bool) - Renal replacement therapy given: haemodialysis, CRRT, haemofiltration, peritoneal dialysis. | ""creatinine_increase_mg_dl"" (num; the pipeline converts to mg/dL) - Absolute rise in serum creatinine within 48 hours.",Effects of Erythrocytapheresis Procedures on Delayed Bone Marrow Conversion in Sickle Cell Disease,"Patient A is a 15-year-old African American male with sickle cell anemia (Hb SS disease) who has made multiple trips to the emergency room for acute chest syndrome and pain crises. He has a history of pancreatitis with cholelithiasis and has had his gallbladder removed. He began taking coumadin after being diagnosed with chronic thrombosis of the brachiocephalic vein extending into the superior vena cava. He has been maintained on LTE since 8 years of age due to increased transcranial Doppler velocity and magnetic resonance imaging (MRI) findings suggestive of central nervous system (CNS) vasculopathy. He has a history of transfusion reactions and requires washed red blood cells and diphenhydramine (Benadryl) treatment before transfusions.
As part of the assessment of CNS vasculopathy, he has had routine MRIs for several years. Previous findings showed narrowing of the left supraclinoid internal carotid artery as well as a decreased bone marrow signal in the T1- and T2-weighted images that was consistent with SCD osseous changes. A follow-up MRI showed normal appearance of the bone marrow and no narrowing of the left supraclinoid internal carotid artery that had been noted on previous scans. A Doppler ultrasound performed the same year showed no evidence of the previously seen thrombosis of the brachiocephalic vein and no flow obstruction. His baseline sagittal T1 MRI and one taken 4 years later can be seen in Figs. and ."
20260902T001108-5476a462,9763515-1,seeded:48,28,Acute Sickle Cell Pain Episode,False,y,,"""death_attributed"" (bool) - The patient died and the note attributes the death to THIS outcome. | ""pain_co_complication"" (bool) - The pain episode was complicated by organ failure, acute chest syndrome, respiratory distress, DVT, PE, stroke, splenic sequestration, or hyperhaemolysis. | ""life_support_other"" (bool) - Any other life-supporting treatment not covered by mechanical ventilation, vasopressors or renal replacement (e.g. ECMO). | ""renal_replacement"" (bool) - Renal replacement therapy given: haemodialysis, CRRT, haemofiltration, peritoneal dialysis. | ""resp_support"" (ord, one of: room_air, low_flow_o2, high_flow, niv_bipap_cpap, invasive_ventilation) - Maximum respiratory support given during the event. In notes this reads as: room_air = no supplemental oxygen; low_flow_o2 = nasal cannula, face mask, simple mask, up to about 6 L/min; high_flow = high-flow nasal cannula, HFNC, Optiflow, Airvo, venturi mask at high flow; niv_bipap_cpap = BiPAP, CPAP, non-invasive ventilation; invasive_ventilation = intubation, mechanical ventilation, ventilated via tracheostomy. | ""vasopressors"" (bool) - Vasoactive or vasopressor infusion given (norepinephrine, epinephrine, dopamine, dobutamine, milrinone). | ""care_setting"" (ord, one of: home, clinic_or_day_hospital, ed_treat_release, inpatient, icu) - Highest level of care this event actually reached. `home` = managed without a facility visit; `ed_treat_release` = seen and discharged; `inpatient` = admitted; `icu` = critical care. In notes this reads as: home = managed without a facility visit; clinic_or_day_hospital = outpatient clinic, day unit, infusion centre; ed_treat_release = seen in the emergency department and discharged; inpatient = admitted to a ward; icu = intensive care, critical care, HDU.",Effects of Erythrocytapheresis Procedures on Delayed Bone Marrow Conversion in Sickle Cell Disease,"Patient A is a 15-year-old African American male with sickle cell anemia (Hb SS disease) who has made multiple trips to the emergency room for acute chest syndrome and pain crises. He has a history of pancreatitis with cholelithiasis and has had his gallbladder removed. He began taking coumadin after being diagnosed with chronic thrombosis of the brachiocephalic vein extending into the superior vena cava. He has been maintained on LTE since 8 years of age due to increased transcranial Doppler velocity and magnetic resonance imaging (MRI) findings suggestive of central nervous system (CNS) vasculopathy. He has a history of transfusion reactions and requires washed red blood cells and diphenhydramine (Benadryl) treatment before transfusions.
As part of the assessment of CNS vasculopathy, he has had routine MRIs for several years. Previous findings showed narrowing of the left supraclinoid internal carotid artery as well as a decreased bone marrow signal in the T1- and T2-weighted images that was consistent with SCD osseous changes. A follow-up MRI showed normal appearance of the bone marrow and no narrowing of the left supraclinoid internal carotid artery that had been noted on previous scans. A Doppler ultrasound performed the same year showed no evidence of the previously seen thrombosis of the brachiocephalic vein and no flow obstruction. His baseline sagittal T1 MRI and one taken 4 years later can be seen in Figs. and ."
20260902T001108-5476a462,9763515-1,seeded:48,36,Fever,False,y,,"""temperature"" (num; the pipeline converts to degC) - Highest documented body temperature.",Effects of Erythrocytapheresis Procedures on Delayed Bone Marrow Conversion in Sickle Cell Disease,"Patient A is a 15-year-old African American male with sickle cell anemia (Hb SS disease) who has made multiple trips to the emergency room for acute chest syndrome and pain crises. He has a history of pancreatitis with cholelithiasis and has had his gallbladder removed. He began taking coumadin after being diagnosed with chronic thrombosis of the brachiocephalic vein extending into the superior vena cava. He has been maintained on LTE since 8 years of age due to increased transcranial Doppler velocity and magnetic resonance imaging (MRI) findings suggestive of central nervous system (CNS) vasculopathy. He has a history of transfusion reactions and requires washed red blood cells and diphenhydramine (Benadryl) treatment before transfusions.
As part of the assessment of CNS vasculopathy, he has had routine MRIs for several years. Previous findings showed narrowing of the left supraclinoid internal carotid artery as well as a decreased bone marrow signal in the T1- and T2-weighted images that was consistent with SCD osseous changes. A follow-up MRI showed normal appearance of the bone marrow and no narrowing of the left supraclinoid internal carotid artery that had been noted on previous scans. A Doppler ultrasound performed the same year showed no evidence of the previously seen thrombosis of the brachiocephalic vein and no flow obstruction. His baseline sagittal T1 MRI and one taken 4 years later can be seen in Figs. and ."
20260902T001108-5476a462,9763515-1,seeded:48,48,Acute Chest Syndrome (ACS),False,y,,"""death_attributed"" (bool) - The patient died and the note attributes the death to THIS outcome. | ""resp_support"" (ord, one of: room_air, low_flow_o2, high_flow, niv_bipap_cpap, invasive_ventilation) - Maximum respiratory support given during the event. In notes this reads as: room_air = no supplemental oxygen; low_flow_o2 = nasal cannula, face mask, simple mask, up to about 6 L/min; high_flow = high-flow nasal cannula, HFNC, Optiflow, Airvo, venturi mask at high flow; niv_bipap_cpap = BiPAP, CPAP, non-invasive ventilation; invasive_ventilation = intubation, mechanical ventilation, ventilated via tracheostomy. | ""transfusion_type"" (ord, one of: none, simple, exchange) - Most intensive erythrocyte transfusion given for this event. In notes this reads as: none = no red cell transfusion; simple = top-up, packed red cells, straight transfusion; exchange = exchange transfusion, red cell exchange, erythrocytapheresis, manual or automated exchange. | ""fio2_pct"" (num; the pipeline converts to %) - Highest documented FiO2 as a percentage. Room air is 21. | ""life_support_other"" (bool) - Any other life-supporting treatment not covered by mechanical ventilation, vasopressors or renal replacement (e.g. ECMO). | ""renal_replacement"" (bool) - Renal replacement therapy given: haemodialysis, CRRT, haemofiltration, peritoneal dialysis. | ""vasopressors"" (bool) - Vasoactive or vasopressor infusion given (norepinephrine, epinephrine, dopamine, dobutamine, milrinone). | ""acs_other_support"" (bool) - Erythropoietin or any other supportive treatment for the ACS, other than antibiotics.",Effects of Erythrocytapheresis Procedures on Delayed Bone Marrow Conversion in Sickle Cell Disease,"Patient A is a 15-year-old African American male with sickle cell anemia (Hb SS disease) who has made multiple trips to the emergency room for acute chest syndrome and pain crises. He has a history of pancreatitis with cholelithiasis and has had his gallbladder removed. He began taking coumadin after being diagnosed with chronic thrombosis of the brachiocephalic vein extending into the superior vena cava. He has been maintained on LTE since 8 years of age due to increased transcranial Doppler velocity and magnetic resonance imaging (MRI) findings suggestive of central nervous system (CNS) vasculopathy. He has a history of transfusion reactions and requires washed red blood cells and diphenhydramine (Benadryl) treatment before transfusions.
As part of the assessment of CNS vasculopathy, he has had routine MRIs for several years. Previous findings showed narrowing of the left supraclinoid internal carotid artery as well as a decreased bone marrow signal in the T1- and T2-weighted images that was consistent with SCD osseous changes. A follow-up MRI showed normal appearance of the bone marrow and no narrowing of the left supraclinoid internal carotid artery that had been noted on previous scans. A Doppler ultrasound performed the same year showed no evidence of the previously seen thrombosis of the brachiocephalic vein and no flow obstruction. His baseline sagittal T1 MRI and one taken 4 years later can be seen in Figs. and ."
